date,hour_start,hour_end,monitored_time_h,operation_time_h,downtime_h,efficiency,timestamp_start,timestamp_end,duration_sec,hourly_downtime_sec,event_vs_hour_downtime_diff_sec
2022-07-22,12,13,0.9999999999999992,0.4957691666666632,0.5042308333333358,0.4957691666666637,2022-07-22 12:00:00,2022-07-22 13:00:00,1605.0,1815.231000000009,210.2310000000091
2022-07-22,13,14,0.9999999999999992,0.1041144444444464,0.8958855555555527,0.1041144444444466,2022-07-22 13:00:00,2022-07-22 14:00:00,3226.0,3225.1879999999896,-0.8120000000103573
2022-07-22,14,15,0.0,0.0,0.0,0.0,2022-07-22 14:00:00,2022-07-22 15:00:00,0.0,0.0,0.0
2022-07-22,15,16,0.9999999999999992,0.4541538888888863,0.5458461111111128,0.4541538888888867,2022-07-22 15:00:00,2022-07-22 16:00:00,1965.0,1965.0460000000062,0.0460000000061882
2022-07-22,16,17,0.9999999999999992,0.7457441666666746,0.2542558333333244,0.7457441666666753,2022-07-22 16:00:00,2022-07-22 17:00:00,1246.0,915.3209999999679,-330.67900000003215
2022-07-22,17,18,0.9999999999999992,0.5749761111111139,0.4250238888888852,0.5749761111111145,2022-07-22 17:00:00,2022-07-22 18:00:00,1530.0,1530.0859999999868,0.08599999998682506
2022-07-22,18,19,0.9999999999999992,0.5958011111111098,0.4041988888888893,0.5958011111111103,2022-07-22 18:00:00,2022-07-22 19:00:00,1455.0,1455.1160000000013,0.11600000000134969
2022-07-22,20,21,0.9999999999999992,0.7333263888888875,0.2666736111111116,0.7333263888888881,2022-07-22 20:00:00,2022-07-22 21:00:00,2895.0,960.0250000000018,-1934.974999999998
2022-07-26,13,14,0.9999999999999992,0.3791666666666662,0.6208333333333329,0.3791666666666665,2022-07-26 13:00:00,2022-07-26 14:00:00,1350.0,2234.9999999999986,884.9999999999986
2022-07-26,14,15,0.9999999999999992,0.1958333333333331,0.804166666666666,0.1958333333333333,2022-07-26 14:00:00,2022-07-26 15:00:00,3795.0,2894.9999999999977,-900.0000000000023
2022-07-26,15,16,0.9999999999999992,0.5124999999999995,0.4874999999999996,0.5125,2022-07-26 15:00:00,2022-07-26 16:00:00,660.0,1754.9999999999986,1094.9999999999986
2022-07-26,16,17,0.9999999999999992,0.6333688888888845,0.3666311111111146,0.6333688888888851,2022-07-26 16:00:00,2022-07-26 17:00:00,1320.0,1319.8720000000126,-0.1279999999874235
2022-07-26,17,18,0.9999999999999992,0.449956944444446,0.5500430555555531,0.4499569444444464,2022-07-26 17:00:00,2022-07-26 18:00:00,1980.0,1980.154999999991,0.15499999999110514
2022-07-26,18,19,0.9999999999999992,0.0999999999999999,0.8999999999999992,0.0999999999999999,2022-07-26 18:00:00,2022-07-26 19:00:00,540.0,3239.9999999999973,2699.9999999999973
2022-08-01,14,15,0.4999999999999995,0.260001111111112,0.2399988888888875,0.5200022222222245,2022-08-01 14:00:00,2022-08-01 15:00:00,1586.0,863.9959999999951,-722.0040000000049
2022-08-01,15,16,0.9999999999999992,0.0,0.9999999999999992,0.0,2022-08-01 15:00:00,2022-08-01 16:00:00,4500.0,3599.9999999999973,-900.0000000000027
2022-08-01,16,17,0.9999999999999992,0.2658655555555539,0.7341344444444452,0.2658655555555542,2022-08-01 16:00:00,2022-08-01 17:00:00,915.0,2642.8840000000027,1727.8840000000027
2022-08-01,17,18,0.4999999999999995,0.2876033333333338,0.2123966666666657,0.5752066666666682,2022-08-01 17:00:00,2022-08-01 18:00:00,2340.0,764.6279999999965,-1575.3720000000035
2022-08-04,10,11,0.4999999999999995,0.4333288888888887,0.0666711111111108,0.8666577777777782,2022-08-04 10:00:00,2022-08-04 11:00:00,240.0,240.0159999999989,0.015999999998911107
2022-08-04,11,12,0.9999999999999992,0.8291472222222194,0.1708527777777798,0.82914722222222,2022-08-04 11:00:00,2022-08-04 12:00:00,675.0,615.0700000000072,-59.92999999999279
2022-08-04,12,13,0.4999999999999995,0.2124802777777768,0.2875197222222228,0.424960555555554,2022-08-04 12:00:00,2022-08-04 13:00:00,975.0,1035.071000000002,60.07100000000196
2022-08-04,15,16,0.4999999999999995,0.4498722222222251,0.0501277777777744,0.8997444444444511,2022-08-04 15:00:00,2022-08-04 16:00:00,180.0,180.45999999998784,0.45999999998784347
2022-08-04,16,17,0.7499999999999994,0.3708174999999999,0.3791824999999995,0.4944233333333336,2022-08-04 16:00:00,2022-08-04 17:00:00,1365.0,1365.0569999999982,0.05699999999819738
2022-09-02,11,12,0.2499999999999997,0.133332777777776,0.1166672222222237,0.5333311111111048,2022-09-02 11:00:00,2022-09-02 12:00:00,420.0,420.0020000000053,0.0020000000052959876
2022-09-02,12,13,0.9999999999999992,0.1518727777777789,0.8481272222222203,0.151872777777779,2022-09-02 12:00:00,2022-09-02 13:00:00,8025.0,3053.257999999993,-4971.7420000000075
2022-09-02,13,14,0.9999999999999992,0.256418888888892,0.7435811111111071,0.2564188888888923,2022-09-02 13:00:00,2022-09-02 14:00:00,0.0,2676.8919999999857,2676.8919999999857
2022-09-02,14,15,0.9999999999999992,0.483137222222227,0.5168627777777721,0.4831372222222274,2022-09-02 14:00:00,2022-09-02 15:00:00,1305.0,1860.7059999999797,555.7059999999797
2022-09-02,15,16,0.6999999999999994,0.3208080555555467,0.3791919444444526,0.45829722222221,2022-09-02 15:00:00,2022-09-02 16:00:00,1861.0,1365.0910000000292,-495.9089999999708
2022-09-06,14,15,0.9999999999999992,0.7999891666666656,0.2000108333333335,0.7999891666666663,2022-09-06 14:00:00,2022-09-06 15:00:00,720.0,720.0390000000006,0.0390000000005557
2022-09-06,15,16,0.9999999999999992,0.6916083333333368,0.3083916666666624,0.6916083333333374,2022-09-06 15:00:00,2022-09-06 16:00:00,1050.0,1110.2099999999846,60.209999999984575
2022-09-06,16,17,0.9999999999999992,0.7666741666666665,0.2333258333333326,0.7666741666666672,2022-09-06 16:00:00,2022-09-06 17:00:00,900.0,839.9729999999973,-60.02700000000266
2022-09-06,17,18,0.4999999999999995,0.3454822222222248,0.1545177777777747,0.6909644444444503,2022-09-06 17:00:00,2022-09-06 18:00:00,556.0,556.2639999999889,0.2639999999888687
2022-09-08,14,15,0.9999999999999992,0.6456133333333319,0.3543866666666672,0.6456133333333325,2022-09-08 14:00:00,2022-09-08 15:00:00,1140.0,1275.792000000002,135.79200000000196
2022-09-08,15,16,0.9999999999999992,0.6757027777777797,0.3242972222222195,0.6757027777777802,2022-09-08 15:00:00,2022-09-08 16:00:00,1167.0,1167.4699999999903,0.4699999999902502
2022-09-12,13,14,0.4999999999999995,0.3500588888888855,0.149941111111114,0.7001177777777716,2022-09-12 13:00:00,2022-09-12 14:00:00,542.0,539.7880000000104,-2.2119999999896436
2022-09-12,14,15,0.9999999999999992,0.5012125000000043,0.4987874999999949,0.5012125000000047,2022-09-12 14:00:00,2022-09-12 15:00:00,1794.0,1795.6349999999816,1.6349999999815736
2022-09-12,15,16,0.9999999999999992,0.2588172222222257,0.7411827777777734,0.258817222222226,2022-09-12 15:00:00,2022-09-12 16:00:00,3327.0,2668.2579999999843,-658.7420000000157
2022-09-12,16,17,0.9999999999999992,0.2458872222222196,0.7541127777777795,0.2458872222222199,2022-09-12 16:00:00,2022-09-12 17:00:00,1650.0,2714.8060000000064,1064.8060000000064
2022-09-15,10,11,0.7499999999999994,0.6124952777777781,0.1375047222222213,0.8166603703703714,2022-09-15 10:00:00,2022-09-15 11:00:00,705.0,495.01699999999664,-209.98300000000336
2022-09-15,11,12,0.9999999999999992,0.7079172222222206,0.2920827777777786,0.7079172222222212,2022-09-15 11:00:00,2022-09-15 12:00:00,6392.0,1051.4980000000028,-5340.501999999997
2022-09-15,13,14,0.4999999999999995,0.2920913888888871,0.2079086111111124,0.5841827777777748,2022-09-15 13:00:00,2022-09-15 14:00:00,748.0,748.4710000000046,0.4710000000045511
2022-09-15,14,15,0.9999999999999992,0.6791961111111119,0.3208038888888873,0.6791961111111124,2022-09-15 14:00:00,2022-09-15 15:00:00,1155.0,1154.893999999994,-0.10600000000590626
2022-09-15,15,16,0.9999999999999992,0.4589752777777805,0.5410247222222186,0.4589752777777809,2022-09-15 15:00:00,2022-09-15 16:00:00,2520.0,1947.6889999999871,-572.3110000000129
2022-09-15,16,17,0.4999999999999995,0.2784919444444449,0.2215080555555547,0.5569838888888903,2022-09-15 16:00:00,2022-09-15 17:00:00,225.0,797.4289999999969,572.4289999999969
2022-09-20,10,11,0.7499999999999994,0.2624627777777777,0.4875372222222217,0.3499503703703706,2022-09-20 10:00:00,2022-09-20 11:00:00,1755.0,1755.133999999998,0.1339999999979682
2022-09-20,11,12,0.9999999999999992,0.3379077777777791,0.66209222222222,0.3379077777777794,2022-09-20 11:00:00,2022-09-20 12:00:00,2384.0,2383.531999999992,-0.46800000000803266
2022-09-20,13,14,0.333333333333333,0.1291555555555554,0.2041777777777776,0.3874666666666666,2022-09-20 13:00:00,2022-09-20 14:00:00,735.0,735.0399999999994,0.039999999999395186
2022-09-20,14,15,0.6666666666666661,0.2500455555555557,0.4166211111111103,0.375068333333334,2022-09-20 14:00:00,2022-09-20 15:00:00,1500.0,1499.835999999997,-0.16400000000294312
2022-09-20,11,12,0.9999999999999992,0.8166486111111106,0.1833513888888885,0.8166486111111113,2022-09-20 11:00:00,2022-09-20 12:00:00,2384.0,660.0649999999986,-1723.9350000000013
2022-09-20,13,14,0.4999999999999995,0.4083155555555514,0.0916844444444481,0.8166311111111035,2022-09-20 13:00:00,2022-09-20 14:00:00,735.0,330.06400000001315,-404.93599999998685
2022-09-20,14,15,0.9999999999999992,0.5911899999999978,0.4088100000000013,0.5911899999999983,2022-09-20 14:00:00,2022-09-20 15:00:00,1500.0,1471.7160000000047,-28.28399999999533
2022-09-20,15,16,0.9999999999999992,0.444293888888891,0.5557061111111081,0.4442938888888914,2022-09-20 15:00:00,2022-09-20 16:00:00,0.0,2000.5419999999892,2000.5419999999892
2022-09-20,16,17,0.4999999999999995,0.4208366666666686,0.0791633333333309,0.8416733333333379,2022-09-20 16:00:00,2022-09-20 17:00:00,0.0,284.98799999999125,284.98799999999125
2022-09-28,14,15,0.333333333333333,0.2374466666666671,0.0958866666666659,0.712340000000002,2022-09-28 14:00:00,2022-09-28 15:00:00,345.0,345.1919999999972,0.19199999999722195
2022-09-28,15,16,0.7499999999999994,0.5291597222222202,0.2208402777777792,0.7055462962962942,2022-09-28 15:00:00,2022-09-28 16:00:00,8506.0,795.0250000000051,-7710.974999999995
2022-09-28,18,19,0.9999999999999992,0.608311666666664,0.3916883333333351,0.6083116666666646,2022-09-28 18:00:00,2022-09-28 19:00:00,1170.0,1410.0780000000063,240.07800000000634
2022-10-07,13,14,0.1666666666666665,0.1124822222222215,0.0541844444444449,0.6748933333333298,2022-10-07 13:00:00,2022-10-07 14:00:00,195.0,195.06400000000164,0.06400000000164141
2022-10-07,14,15,0.9999999999999992,0.4543183333333265,0.5456816666666726,0.4543183333333269,2022-10-07 14:00:00,2022-10-07 15:00:00,1965.0,1964.4540000000213,-0.545999999978676
2022-10-07,15,16,0.9999999999999992,0.5248824999999981,0.475117500000001,0.5248824999999986,2022-10-07 15:00:00,2022-10-07 16:00:00,2490.0,1710.4230000000036,-779.5769999999964
2022-10-07,16,17,0.9999999999999992,0.3916722222222134,0.6083277777777858,0.3916722222222137,2022-10-07 16:00:00,2022-10-07 17:00:00,2145.0,2189.9800000000287,44.98000000002867
2022-10-07,17,18,0.4999999999999995,0.1458524999999982,0.3541475000000013,0.2917049999999968,2022-10-07 17:00:00,2022-10-07 18:00:00,540.0,1274.9310000000046,734.9310000000046
2022-10-10,13,14,0.2499999999999997,0.1292483333333328,0.1207516666666669,0.5169933333333319,2022-10-10 13:00:00,2022-10-10 14:00:00,435.0,434.7060000000008,-0.2939999999991869
2022-10-10,14,15,0.9999999999999992,0.4921408333333281,0.507859166666671,0.4921408333333286,2022-10-10 14:00:00,2022-10-10 15:00:00,1829.0,1828.2930000000156,-0.7069999999844185
2022-10-10,16,17,0.6666666666666661,0.2083122222222155,0.4583544444444506,0.3124683333333236,2022-10-10 16:00:00,2022-10-10 17:00:00,1425.0,1650.0760000000223,225.0760000000223
2022-10-11,11,12,0.9999999999999992,0.4463727777777802,0.5536272222222189,0.4463727777777806,2022-10-11 11:00:00,2022-10-11 12:00:00,1993.0,1993.0579999999882,0.05799999998816929
2022-10-11,12,13,0.4999999999999995,0.204223611111116,0.2957763888888836,0.4084472222222324,2022-10-11 12:00:00,2022-10-11 13:00:00,1065.0,1064.794999999981,-0.20500000001902663
2022-10-13,10,11,0.333333333333333,0.2666341666666661,0.0666991666666669,0.7999024999999991,2022-10-13 10:00:00,2022-10-13 11:00:00,240.0,240.11700000000087,0.1170000000008713
2022-10-13,11,12,0.9999999999999992,0.6956322222222208,0.3043677777777784,0.6956322222222213,2022-10-13 11:00:00,2022-10-13 12:00:00,1095.0,1095.7240000000022,0.7240000000022064
2022-10-13,13,14,0.333333333333333,0.1959352777777791,0.1373980555555539,0.5878058333333378,2022-10-13 13:00:00,2022-10-13 14:00:00,493.0,494.632999999994,1.6329999999940128
2022-10-13,15,16,0.9999999999999992,0.5001788888888901,0.4998211111111091,0.5001788888888905,2022-10-13 15:00:00,2022-10-13 16:00:00,1800.0,1799.3559999999927,-0.6440000000072814
2022-10-13,16,17,0.4999999999999995,0.2207536111111084,0.2792463888888912,0.4415072222222171,2022-10-13 16:00:00,2022-10-13 17:00:00,1005.0,1005.2870000000083,0.2870000000083337
2022-10-20,15,16,0.9999999999999992,0.7666569444444449,0.2333430555555542,0.7666569444444455,2022-10-20 15:00:00,2022-10-20 16:00:00,840.0,840.0349999999952,0.03499999999519332
2022-10-24,14,15,0.9999999999999992,0.4874847222222125,0.5125152777777866,0.4874847222222129,2022-10-24 14:00:00,2022-10-24 15:00:00,1695.0,1845.0550000000317,150.05500000003167
2022-10-24,15,16,0.9999999999999992,0.2249411111111132,0.775058888888886,0.2249411111111134,2022-10-24 15:00:00,2022-10-24 16:00:00,2790.0,2790.2119999999895,0.2119999999895299
2022-10-24,16,17,0.9999999999999992,0.2124202777777781,0.787579722222221,0.2124202777777784,2022-10-24 16:00:00,2022-10-24 17:00:00,3825.0,2835.2869999999953,-989.7130000000047
2022-10-24,17,18,0.9999999999999992,0.62084277777778,0.3791572222222192,0.6208427777777805,2022-10-24 17:00:00,2022-10-24 18:00:00,375.0,1364.9659999999892,989.9659999999892
2022-10-24,18,19,0.5166666666666664,0.3917222222222188,0.1249444444444475,0.7581720430107466,2022-10-24 18:00:00,2022-10-24 19:00:00,451.0,449.800000000011,-1.1999999999890179
2022-10-25,11,12,0.3837788888888888,0.3837788888888888,0.0,1.0,2022-10-25 11:00:00,2022-10-25 12:00:00,0.0,0.0,0.0
2022-10-25,12,13,0.9999999999999992,0.4870783333333333,0.5129216666666658,0.4870783333333337,2022-10-25 12:00:00,2022-10-25 13:00:00,6444.0,1846.517999999997,-4597.482000000003
2022-10-25,13,14,0.9999999999999992,0.0,0.9999999999999992,0.0,2022-10-25 13:00:00,2022-10-25 14:00:00,0.0,3599.9999999999973,3599.9999999999973
2022-10-25,14,15,0.9999999999999992,0.2771566666666671,0.7228433333333321,0.2771566666666674,2022-10-25 14:00:00,2022-10-25 15:00:00,0.0,2602.2359999999953,2602.2359999999953
2022-10-25,15,16,0.9999999999999992,0.9999999999999992,0.0,1.0,2022-10-25 15:00:00,2022-10-25 16:00:00,0.0,0.0,0.0
2022-10-25,16,17,0.9999999999999992,0.7999613888888917,0.2000386111111075,0.7999613888888923,2022-10-25 16:00:00,2022-10-25 17:00:00,720.0,720.1389999999869,0.13899999998693602
2022-10-25,17,18,0.3230555555555552,0.2980577777777763,0.0249977777777789,0.9226208082545104,2022-10-25 17:00:00,2022-10-25 18:00:00,90.0,89.99200000000404,-0.007999999995959683
2022-10-26,16,17,0.299722222222222,0.149783888888889,0.1499383333333329,0.4997423540315115,2022-10-26 16:00:00,2022-10-26 17:00:00,540.0,539.7779999999984,-0.2220000000015716
2022-10-26,17,18,0.9669444444444436,0.5545463888888895,0.4123980555555541,0.5735038781959219,2022-10-26 17:00:00,2022-10-26 18:00:00,1485.0,1484.6329999999948,-0.3670000000051914
2022-10-28,16,17,0.9999999999999992,0.3833997222222202,0.616600277777779,0.3833997222222205,2022-10-28 16:00:00,2022-10-28 17:00:00,0.0,2219.7610000000045,2219.7610000000045
2022-10-28,17,18,0.846666666666666,0.3384505555555531,0.5082161111111128,0.3997447506561654,2022-10-28 17:00:00,2022-10-28 18:00:00,0.0,1829.5780000000059,1829.5780000000059
2022-10-31,11,12,0.9999999999999992,0.9794361111111096,0.0205638888888896,0.9794361111111104,2022-10-31 11:00:00,2022-10-31 12:00:00,74.0,74.03000000000256,0.03000000000255909
2022-10-31,12,13,0.9999999999999992,0.0105738888888903,0.9894261111111088,0.0105738888888904,2022-10-31 12:00:00,2022-10-31 13:00:00,5700.0,3561.9339999999916,-2138.0660000000084
2022-10-31,13,14,0.9999999999999992,0.4060027777777769,0.5939972222222223,0.4060027777777772,2022-10-31 13:00:00,2022-10-31 14:00:00,0.0,2138.3900000000003,2138.3900000000003
2022-10-31,14,15,0.9999999999999992,0.1481536111111115,0.8518463888888876,0.1481536111111117,2022-10-31 14:00:00,2022-10-31 15:00:00,4260.0,3066.6469999999954,-1193.3530000000046
2022-10-31,15,16,0.9999999999999992,0.4709416666666688,0.5290583333333303,0.4709416666666692,2022-10-31 15:00:00,2022-10-31 16:00:00,2595.0,1904.609999999989,-690.390000000011
2022-10-31,16,17,0.9999999999999992,0.4767136111111107,0.5232863888888883,0.4767136111111112,2022-10-31 16:00:00,2022-10-31 17:00:00,0.0,1883.830999999998,1883.830999999998
2022-10-31,17,18,0.9999999999999992,0.7958199999999966,0.2041800000000025,0.7958199999999973,2022-10-31 17:00:00,2022-10-31 18:00:00,735.0,735.048000000009,0.04800000000898308
2022-10-31,18,19,0.3441666666666663,0.2650022222222203,0.079164444444446,0.7699822437449506,2022-10-31 18:00:00,2022-10-31 19:00:00,285.0,284.9920000000056,-0.0079999999944107
2022-11-03,11,12,0.709444444444444,0.4162711111111113,0.2931733333333326,0.5867564604541903,2022-11-03 11:00:00,2022-11-03 12:00:00,1055.0,1055.4239999999975,0.42399999999747706
2022-11-03,12,13,0.9999999999999992,0.0529191666666654,0.9470808333333336,0.0529191666666655,2022-11-03 12:00:00,2022-11-03 13:00:00,6067.0,3409.491000000001,-2657.508999999999
2022-11-03,13,14,0.9999999999999992,0.0451055555555574,0.9548944444444416,0.0451055555555575,2022-11-03 13:00:00,2022-11-03 14:00:00,780.0,3437.61999999999,2657.61999999999
2022-11-03,14,15,0.9999999999999992,0.2382850000000009,0.7617149999999983,0.2382850000000012,2022-11-03 14:00:00,2022-11-03 15:00:00,3495.0,2742.1739999999936,-752.8260000000064
2022-11-03,15,16,0.9999999999999992,0.3824463888888832,0.617553611111116,0.3824463888888836,2022-11-03 15:00:00,2022-11-03 16:00:00,1472.0,2223.1930000000175,751.1930000000175
2022-11-03,16,17,0.9174999999999992,0.5009100000000056,0.4165899999999937,0.5459509536784807,2022-11-03 16:00:00,2022-11-03 17:00:00,1499.0,1499.7239999999772,0.7239999999771953
2022-11-08,12,13,0.4141666666666664,0.4141666666666664,0.0,1.0,2022-11-08 12:00:00,2022-11-08 13:00:00,0.0,0.0,0.0
2022-11-08,13,14,0.9999999999999992,0.0482283333333323,0.9517716666666668,0.0482283333333324,2022-11-08 13:00:00,2022-11-08 14:00:00,6060.0,3426.3780000000006,-2633.6219999999994
2022-11-08,14,15,0.9999999999999992,0.689954166666665,0.3100458333333342,0.6899541666666655,2022-11-08 14:00:00,2022-11-08 15:00:00,150.0,1116.1650000000031,966.1650000000031
2022-11-08,15,16,0.9999999999999992,0.9624999999999992,0.0374999999999999,0.9625,2022-11-08 15:00:00,2022-11-08 16:00:00,136.0,134.99999999999966,-1.000000000000341
2022-11-08,16,17,0.9999999999999992,0.1025216666666669,0.8974783333333323,0.102521666666667,2022-11-08 16:00:00,2022-11-08 17:00:00,3975.0,3230.9219999999964,-744.0780000000036
2022-11-08,17,18,0.9999999999999992,0.7557113888888909,0.2442886111111082,0.7557113888888916,2022-11-08 17:00:00,2022-11-08 18:00:00,135.0,879.4389999999895,744.4389999999895
2022-11-08,18,19,0.7444444444444438,0.2818794444444453,0.4625649999999984,0.3786440298507478,2022-11-08 18:00:00,2022-11-08 19:00:00,1665.0,1665.2339999999942,0.23399999999423926
2022-11-11,14,15,0.4122222222222219,0.2416624999999978,0.170559722222224,0.5862432614555209,2022-11-11 14:00:00,2022-11-11 15:00:00,930.0,614.0150000000064,-315.98499999999365
2022-11-11,15,16,0.9999999999999992,0.4949822222222226,0.5050177777777765,0.4949822222222231,2022-11-11 15:00:00,2022-11-11 16:00:00,1501.0,1818.0639999999953,317.0639999999953
2022-11-11,16,17,0.9999999999999992,0.0819927777777767,0.9180072222222224,0.0819927777777769,2022-11-11 16:00:00,2022-11-11 17:00:00,3305.0,3304.826000000001,-0.17399999999906868
2022-11-11,17,18,0.6683333333333328,0.593473055555556,0.0748602777777768,0.8879896093100594,2022-11-11 17:00:00,2022-11-11 18:00:00,269.0,269.4969999999965,0.4969999999964898
2022-11-14,15,16,0.4724999999999996,0.2308105555555567,0.2416894444444428,0.4884879482657289,2022-11-14 15:00:00,2022-11-14 16:00:00,750.0,870.0819999999941,120.08199999999408
2022-11-14,16,17,0.4941666666666662,0.3233308333333313,0.1708358333333349,0.6542951096121381,2022-11-14 16:00:00,2022-11-14 17:00:00,540.0,615.0090000000057,75.0090000000057
2022-11-15,11,12,0.9999999999999992,0.8933266666666665,0.1066733333333326,0.8933266666666673,2022-11-15 11:00:00,2022-11-15 12:00:00,8580.0,384.0239999999974,-8195.976000000002
2022-11-15,12,13,0.9999999999999992,0.0,0.9999999999999992,0.0,2022-11-15 12:00:00,2022-11-15 13:00:00,0.0,3599.9999999999973,3599.9999999999973
2022-11-15,13,14,0.9999999999999992,0.0,0.9999999999999992,0.0,2022-11-15 13:00:00,2022-11-15 14:00:00,0.0,3599.9999999999973,3599.9999999999973
2022-11-15,14,15,0.9999999999999992,0.6816063888888871,0.3183936111111121,0.6816063888888877,2022-11-15 14:00:00,2022-11-15 15:00:00,885.0,1146.2170000000035,261.2170000000035
2022-11-15,15,16,0.9999999999999992,0.9249991666666678,0.0750008333333313,0.9249991666666686,2022-11-15 15:00:00,2022-11-15 16:00:00,270.0,270.00299999999265,0.002999999992653102
2022-11-21,13,14,0.5608333333333329,0.3209005555555508,0.239932777777782,0.5721852402179217,2022-11-21 13:00:00,2022-11-21 14:00:00,9240.0,863.7580000000152,-8376.241999999986
2022-11-21,14,15,0.9999999999999992,0.0,0.9999999999999992,0.0,2022-11-21 14:00:00,2022-11-21 15:00:00,0.0,3599.9999999999973,3599.9999999999973
2022-11-21,15,16,0.9999999999999992,0.0,0.9999999999999992,0.0,2022-11-21 15:00:00,2022-11-21 16:00:00,0.0,3599.9999999999973,3599.9999999999973
2022-11-21,16,17,0.9999999999999992,0.402316944444443,0.5976830555555561,0.4023169444444434,2022-11-21 16:00:00,2022-11-21 17:00:00,975.0,2151.659000000002,1176.659000000002
2022-11-21,17,18,0.8561111111111105,0.5561063888888879,0.3000047222222226,0.6495726800778707,2022-11-21 17:00:00,2022-11-21 18:00:00,1080.0,1080.0170000000012,0.01700000000118962
2022-11-23,15,16,0.8544444444444438,0.5919341666666726,0.262510277777771,0.6927708062418803,2022-11-23 15:00:00,2022-11-23 16:00:00,945.0,945.0369999999755,0.036999999975478204
2022-11-23,16,17,0.9999999999999992,0.7749144444444414,0.2250855555555578,0.774914444444442,2022-11-23 16:00:00,2022-11-23 17:00:00,811.0,810.3080000000081,-0.6919999999919355
2022-11-23,17,18,0.4455555555555552,0.3705550000000006,0.0750005555555545,0.8316695760598525,2022-11-23 17:00:00,2022-11-23 18:00:00,270.0,270.0019999999962,0.0019999999962010406
2022-11-28,12,13,0.9427933333333326,0.0,0.9427933333333326,0.0,2022-11-28 12:00:00,2022-11-28 13:00:00,10575.0,3394.0559999999973,-7180.944000000003
2022-11-28,13,14,0.9999999999999992,0.0,0.9999999999999992,0.0,2022-11-28 13:00:00,2022-11-28 14:00:00,0.0,3599.9999999999973,3599.9999999999973
2022-11-28,14,15,0.9999999999999992,0.0,0.9999999999999992,0.0,2022-11-28 14:00:00,2022-11-28 15:00:00,0.0,3599.9999999999973,3599.9999999999973
2022-11-28,15,16,0.9999999999999992,0.0,0.9999999999999992,0.0,2022-11-28 15:00:00,2022-11-28 16:00:00,975.0,3599.9999999999973,2624.9999999999973
2022-11-28,16,17,0.9999999999999992,0.6467547222222206,0.3532452777777785,0.6467547222222212,2022-11-28 16:00:00,2022-11-28 17:00:00,3104.0,1271.6830000000025,-1832.3169999999975
2022-11-28,17,18,0.9999999999999992,0.905648333333332,0.0943516666666672,0.9056483333333328,2022-11-28 17:00:00,2022-11-28 18:00:00,2474.0,339.6660000000019,-2134.333999999998
2022-11-28,18,19,0.7558333333333328,0.6043377777777761,0.1514955555555567,0.7995648658581387,2022-11-28 18:00:00,2022-11-28 19:00:00,240.0,545.3840000000041,305.3840000000041
2022-12-02,12,13,0.8483333333333326,0.029256111111112,0.8190772222222205,0.0344865749836291,2022-12-02 12:00:00,2022-12-02 13:00:00,3630.0,2948.6779999999935,-681.3220000000065
2022-12-02,13,14,0.9999999999999992,0.3899069444444377,0.6100930555555615,0.3899069444444381,2022-12-02 13:00:00,2022-12-02 14:00:00,1515.0,2196.3350000000214,681.3350000000214
2022-12-02,14,15,0.9999999999999992,0.5499247222222139,0.4500752777777853,0.5499247222222143,2022-12-02 14:00:00,2022-12-02 15:00:00,1621.0,1620.271000000027,-0.7289999999729844
2022-12-02,15,16,0.2144444444444443,0.2144444444444443,0.0,1.0,2022-12-02 15:00:00,2022-12-02 16:00:00,0.0,0.0,0.0
2022-12-05,12,13,0.9999999999999992,0.1763822222222193,0.8236177777777798,0.1763822222222195,2022-12-05 12:00:00,2022-12-05 13:00:00,6000.0,2965.024000000007,-3034.975999999993
2022-12-05,13,14,0.9999999999999992,0.0069444444444443,0.9930555555555548,0.0069444444444443,2022-12-05 13:00:00,2022-12-05 14:00:00,0.0,3574.9999999999973,3574.9999999999973
2022-12-05,14,15,0.9999999999999992,0.73330638888889,0.2666936111111091,0.7333063888888907,2022-12-05 14:00:00,2022-12-05 15:00:00,960.0,960.0969999999928,0.09699999999281772
2022-12-05,15,16,0.9999999999999992,0.8791583333333303,0.1208416666666688,0.879158333333331,2022-12-05 15:00:00,2022-12-05 16:00:00,435.0,435.0300000000077,0.03000000000770342
2022-12-06,7,8,0.1638308333333336,0.0,0.1638308333333336,0.0,2022-12-06 07:00:00,2022-12-06 08:00:00,21065.0,589.791000000001,-20475.209
2022-12-06,8,9,0.9999999999999992,0.0,0.9999999999999992,0.0,2022-12-06 08:00:00,2022-12-06 09:00:00,0.0,3599.9999999999973,3599.9999999999973
2022-12-06,9,10,0.9999999999999992,0.0,0.9999999999999992,0.0,2022-12-06 09:00:00,2022-12-06 10:00:00,0.0,3599.9999999999973,3599.9999999999973
2022-12-06,10,11,0.9999999999999992,0.0,0.9999999999999992,0.0,2022-12-06 10:00:00,2022-12-06 11:00:00,0.0,3599.9999999999973,3599.9999999999973
2022-12-06,11,12,0.9999999999999992,0.0,0.9999999999999992,0.0,2022-12-06 11:00:00,2022-12-06 12:00:00,0.0,3599.9999999999973,3599.9999999999973
2022-12-06,12,13,0.9999999999999992,0.0,0.9999999999999992,0.0,2022-12-06 12:00:00,2022-12-06 13:00:00,0.0,3599.9999999999973,3599.9999999999973
2022-12-06,13,14,0.9999999999999992,0.1416733333333314,0.8583266666666677,0.1416733333333315,2022-12-06 13:00:00,2022-12-06 14:00:00,2535.0,3089.9760000000038,554.9760000000038
2022-12-06,14,15,0.9999999999999992,0.4663888888888884,0.5336111111111107,0.4663888888888888,2022-12-06 14:00:00,2022-12-06 15:00:00,0.0,1920.9999999999986,1920.9999999999986
2022-12-06,15,16,0.9999999999999992,0.716645277777775,0.2833547222222241,0.7166452777777756,2022-12-06 15:00:00,2022-12-06 16:00:00,1021.0,1020.0770000000067,-0.9229999999932943
2022-12-06,16,17,0.146111111111111,0.1252769444444441,0.0208341666666669,0.8574087452471465,2022-12-06 16:00:00,2022-12-06 17:00:00,75.0,75.00300000000084,0.003000000000838554
2022-12-08,11,12,0.9999999999999992,0.7296002777777792,0.2703997222222198,0.7296002777777799,2022-12-08 11:00:00,2022-12-08 12:00:00,973.0,973.4389999999913,0.43899999999132433
2022-12-08,12,13,0.9999999999999992,0.5094252777777792,0.4905747222222199,0.5094252777777797,2022-12-08 12:00:00,2022-12-08 13:00:00,5610.0,1766.0689999999918,-3843.931000000008
2022-12-08,13,14,0.9999999999999992,0.0,0.9999999999999992,0.0,2022-12-08 13:00:00,2022-12-08 14:00:00,0.0,3599.9999999999973,3599.9999999999973
2022-12-08,14,15,0.9999999999999992,0.5237722222222234,0.4762277777777757,0.5237722222222239,2022-12-08 14:00:00,2022-12-08 15:00:00,1470.0,1714.4199999999926,244.41999999999257
2022-12-08,15,16,0.9999999999999992,0.201249722222222,0.7987502777777771,0.2012497222222222,2022-12-08 15:00:00,2022-12-08 16:00:00,3885.0,2875.5009999999975,-1009.4990000000025
2022-12-08,16,17,0.9999999999999992,0.6695244444444425,0.3304755555555567,0.669524444444443,2022-12-08 16:00:00,2022-12-08 17:00:00,180.0,1189.712000000004,1009.7120000000041
2022-12-08,17,18,0.9999999999999992,0.5374797222222196,0.4625202777777796,0.5374797222222201,2022-12-08 17:00:00,2022-12-08 18:00:00,1665.0,1665.0730000000065,0.07300000000645923
2022-12-13,7,8,0.9197222222222214,0.015,0.9047222222222214,0.0163092721232256,2022-12-13 07:00:00,2022-12-13 08:00:00,3312.0,3256.9999999999973,-55.00000000000273
2022-12-13,8,9,0.9999999999999992,0.0583333333333332,0.941666666666666,0.0583333333333333,2022-12-13 08:00:00,2022-12-13 09:00:00,6810.0,3389.9999999999977,-3420.0000000000023
2022-12-13,9,10,0.9999999999999992,0.0058333333333332,0.994166666666666,0.0058333333333332,2022-12-13 09:00:00,2022-12-13 10:00:00,0.0,3578.9999999999977,3578.9999999999977
2022-12-13,10,11,0.9999999999999992,0.7374177777777755,0.2625822222222236,0.7374177777777762,2022-12-13 10:00:00,2022-12-13 11:00:00,945.0,945.2960000000049,0.29600000000493765
2022-12-13,11,12,0.9999999999999992,0.5749933333333356,0.4250066666666635,0.5749933333333361,2022-12-13 11:00:00,2022-12-13 12:00:00,1530.0,1530.0239999999885,0.02399999998851854
2022-12-13,12,13,0.9999999999999992,0.1611111111111109,0.8388888888888882,0.1611111111111111,2022-12-13 12:00:00,2022-12-13 13:00:00,6465.0,3019.9999999999977,-3445.0000000000023
2022-12-13,13,14,0.9999999999999992,0.0374999999999998,0.9624999999999994,0.0374999999999998,2022-12-13 13:00:00,2022-12-13 14:00:00,120.0,3464.9999999999977,3344.9999999999977
2022-12-13,14,15,0.9999999999999992,0.4625033333333355,0.5374966666666636,0.4625033333333359,2022-12-13 14:00:00,2022-12-13 15:00:00,4500.0,1934.9879999999891,-2565.0120000000106
2022-12-13,15,16,0.9999999999999992,0.1137988888888877,0.8862011111111114,0.1137988888888879,2022-12-13 15:00:00,2022-12-13 16:00:00,525.0,3190.324000000001,2665.324000000001
2022-12-13,16,17,0.973888888888888,0.7280522222222271,0.2458366666666609,0.7475721620079919,2022-12-13 16:00:00,2022-12-13 17:00:00,885.0,885.0119999999793,0.011999999979252607
2022-12-16,16,17,0.461944444444444,0.2077508333333288,0.2541936111111151,0.4497312086590406,2022-12-16 16:00:00,2022-12-16 17:00:00,915.0,915.0970000000144,0.09700000001441822
2022-12-16,17,18,0.5297222222222219,0.2005924999999969,0.3291297222222248,0.3786748820136285,2022-12-16 17:00:00,2022-12-16 18:00:00,1185.0,1184.8670000000093,-0.13299999999071588
2022-12-19,11,12,0.9649999999999992,0.3375016666666662,0.627498333333333,0.3497426597582036,2022-12-19 11:00:00,2022-12-19 12:00:00,10950.0,2258.993999999999,-8691.006000000001
2022-12-19,12,13,0.9999999999999992,0.0,0.9999999999999992,0.0,2022-12-19 12:00:00,2022-12-19 13:00:00,0.0,3599.9999999999973,3599.9999999999973
2022-12-19,13,14,0.9999999999999992,0.0,0.9999999999999992,0.0,2022-12-19 13:00:00,2022-12-19 14:00:00,0.0,3599.9999999999973,3599.9999999999973
2022-12-19,14,15,0.9999999999999992,0.2416805555555574,0.7583194444444418,0.2416805555555576,2022-12-19 14:00:00,2022-12-19 15:00:00,1470.0,2729.9499999999903,1259.9499999999903
2022-12-19,15,16,0.9999999999999992,0.2083288888888901,0.791671111111109,0.2083288888888903,2022-12-19 15:00:00,2022-12-19 16:00:00,4680.0,2850.0159999999923,-1829.9840000000077
2022-12-19,16,17,0.7769444444444439,0.095857500000002,0.6810869444444417,0.1233775473721872,2022-12-19 16:00:00,2022-12-19 17:00:00,389.0,2451.9129999999905,2062.9129999999905
2022-12-20,11,12,0.3577777777777775,0.220273611111111,0.1375041666666664,0.615671583850932,2022-12-20 11:00:00,2022-12-20 12:00:00,495.0,495.014999999999,0.01499999999902002
2022-12-20,12,13,0.9999999999999992,0.4755833333333332,0.5244166666666659,0.4755833333333337,2022-12-20 12:00:00,2022-12-20 13:00:00,6744.0,1887.8999999999971,-4856.100000000003
2022-12-20,13,14,0.9999999999999992,0.0,0.9999999999999992,0.0,2022-12-20 13:00:00,2022-12-20 14:00:00,0.0,3599.9999999999973,3599.9999999999973
2022-12-20,14,15,0.9999999999999992,0.5050672222222281,0.494932777777771,0.5050672222222286,2022-12-20 14:00:00,2022-12-20 15:00:00,525.0,1781.7579999999757,1256.7579999999757
2022-12-20,15,16,0.9999999999999992,0.7707636111111198,0.2292363888888793,0.7707636111111205,2022-12-20 15:00:00,2022-12-20 16:00:00,825.0,825.2509999999654,0.25099999996541555
2022-12-20,16,17,0.9999999999999992,0.6374511111111069,0.3625488888888923,0.6374511111111074,2022-12-20 16:00:00,2022-12-20 17:00:00,1305.0,1305.1760000000122,0.17600000001220906
2022-12-20,17,18,0.6816666666666661,0.5233455555555557,0.1583211111111103,0.7677440912795446,2022-12-20 17:00:00,2022-12-20 18:00:00,570.0,569.9559999999971,-0.04400000000293858
2022-12-21,10,11,0.9999999999999992,0.541662222222222,0.4583377777777772,0.5416622222222225,2022-12-21 10:00:00,2022-12-21 11:00:00,1650.0,1650.0159999999978,0.01599999999780266
2022-12-21,11,12,0.9999999999999992,0.6247205555555538,0.3752794444444453,0.6247205555555544,2022-12-21 11:00:00,2022-12-21 12:00:00,1350.0,1351.006000000003,1.0060000000030414
2022-12-21,12,13,0.9999999999999992,0.0505555555555554,0.9494444444444436,0.0505555555555555,2022-12-21 12:00:00,2022-12-21 13:00:00,9517.0,3417.9999999999973,-6099.000000000003
2022-12-21,13,14,0.9999999999999992,0.0,0.9999999999999992,0.0,2022-12-21 13:00:00,2022-12-21 14:00:00,0.0,3599.9999999999973,3599.9999999999973
2022-12-21,14,15,0.9999999999999992,0.2022380555555545,0.7977619444444446,0.2022380555555547,2022-12-21 14:00:00,2022-12-21 15:00:00,344.0,2871.9430000000007,2527.9430000000007
2022-12-21,15,16,0.9999999999999992,0.8124908333333336,0.1875091666666656,0.8124908333333343,2022-12-21 15:00:00,2022-12-21 16:00:00,675.0,675.0329999999962,0.03299999999615011
2022-12-21,16,17,0.9999999999999992,0.808321111111111,0.1916788888888881,0.8083211111111117,2022-12-21 16:00:00,2022-12-21 17:00:00,810.0,690.0439999999971,-119.95600000000286
2022-12-21,17,18,0.9999999999999992,0.6000316666666657,0.3999683333333333,0.6000316666666663,2022-12-21 17:00:00,2022-12-21 18:00:00,1320.0,1439.886,119.88599999999997
2022-12-22,11,12,0.9999999999999992,0.78345611111111,0.2165438888888891,0.7834561111111107,2022-12-22 11:00:00,2022-12-22 12:00:00,645.0,779.5580000000007,134.55800000000067
2022-12-22,12,13,0.9999999999999992,0.0291666666666665,0.9708333333333328,0.0291666666666665,2022-12-22 12:00:00,2022-12-22 13:00:00,10860.0,3494.999999999998,-7365.000000000002
2022-12-22,13,14,0.9999999999999992,0.0,0.9999999999999992,0.0,2022-12-22 13:00:00,2022-12-22 14:00:00,0.0,3599.9999999999973,3599.9999999999973
2022-12-22,14,15,0.9999999999999992,0.0,0.9999999999999992,0.0,2022-12-22 14:00:00,2022-12-22 15:00:00,0.0,3599.9999999999973,3599.9999999999973
2022-12-22,15,16,0.9999999999999992,0.953888888888888,0.046111111111111,0.9538888888888888,2022-12-22 15:00:00,2022-12-22 16:00:00,0.0,165.9999999999996,165.9999999999996
2022-12-22,16,17,0.9999999999999992,0.7916666666666654,0.2083333333333337,0.7916666666666661,2022-12-22 16:00:00,2022-12-22 17:00:00,750.0,750.0000000000014,1.3642420526593924e-12
2022-12-23,9,10,0.9999999999999992,0.7833277777777765,0.2166722222222226,0.7833277777777772,2022-12-23 09:00:00,2022-12-23 10:00:00,780.0,780.0200000000013,0.020000000001346052
2022-12-23,10,11,0.9999999999999992,0.699988055555555,0.3000119444444442,0.6999880555555555,2022-12-23 10:00:00,2022-12-23 11:00:00,1080.0,1080.042999999999,0.042999999998983185
2022-12-23,11,12,0.9999999999999992,0.5499894444444435,0.4500105555555557,0.549989444444444,2022-12-23 11:00:00,2022-12-23 12:00:00,1620.0,1620.0380000000005,0.03800000000046566
2022-12-23,12,13,0.768055555555555,0.5305558333333348,0.2374997222222201,0.6907779385171815,2022-12-23 12:00:00,2022-12-23 13:00:00,855.0,854.9989999999924,-0.0010000000075933713
2022-12-26,15,16,0.2105555555555553,0.0063788888888902,0.2041766666666651,0.0302955145118796,2022-12-26 15:00:00,2022-12-26 16:00:00,735.0,735.0359999999944,0.035999999994373866
2022-12-26,16,17,0.7019444444444439,0.5144472222222225,0.1874972222222214,0.7328888009497437,2022-12-26 16:00:00,2022-12-26 17:00:00,675.0,674.989999999997,-0.010000000002946763
2022-12-27,10,11,0.360833333333333,0.3358313888888876,0.0250019444444453,0.9307105465742852,2022-12-27 10:00:00,2022-12-27 11:00:00,90.0,90.00700000000309,0.007000000003088758
2022-12-27,11,12,0.9999999999999992,0.3499691666666674,0.6500308333333317,0.3499691666666678,2022-12-27 11:00:00,2022-12-27 12:00:00,2340.0,2340.110999999994,0.1109999999939646
2022-12-27,12,13,0.9999999999999992,0.4518058333333337,0.5481941666666654,0.4518058333333341,2022-12-27 12:00:00,2022-12-27 13:00:00,9886.0,1973.4989999999955,-7912.501000000005
2022-12-27,13,14,0.9999999999999992,0.0,0.9999999999999992,0.0,2022-12-27 13:00:00,2022-12-27 14:00:00,0.0,3599.9999999999973,3599.9999999999973
2022-12-27,14,15,0.9999999999999992,0.0,0.9999999999999992,0.0,2022-12-27 14:00:00,2022-12-27 15:00:00,0.0,3599.9999999999973,3599.9999999999973
2022-12-27,15,16,0.9999999999999992,0.3688222222222196,0.6311777777777796,0.3688222222222199,2022-12-27 15:00:00,2022-12-27 16:00:00,1560.0,2272.2400000000066,712.2400000000066
2022-12-27,16,17,0.9999999999999992,0.2214774999999977,0.7785225000000014,0.221477499999998,2022-12-27 16:00:00,2022-12-27 17:00:00,3098.0,2802.681000000005,-295.31899999999496
2022-12-27,17,18,0.1624999999999998,0.0804991666666679,0.0820008333333319,0.4953794871794956,2022-12-27 17:00:00,2022-12-27 18:00:00,0.0,295.20299999999486,295.20299999999486
2022-12-28,11,12,0.8447222222222215,0.3780405555555534,0.466681666666668,0.4475323906609646,2022-12-28 11:00:00,2022-12-28 12:00:00,1680.0,1680.0540000000049,0.05400000000486216
2022-12-28,12,13,0.9999999999999992,0.5469419444444452,0.453058055555554,0.5469419444444457,2022-12-28 12:00:00,2022-12-28 13:00:00,7275.0,1631.0089999999943,-5643.991000000005
2022-12-28,13,14,0.9999999999999992,0.0,0.9999999999999992,0.0,2022-12-28 13:00:00,2022-12-28 14:00:00,0.0,3599.9999999999973,3599.9999999999973
2022-12-28,14,15,0.9999999999999992,0.2415366666666646,0.7584633333333346,0.2415366666666648,2022-12-28 14:00:00,2022-12-28 15:00:00,1005.0,2730.4680000000044,1725.4680000000044
2022-12-28,15,16,0.4888888888888885,0.2584113888888885,0.2304774999999999,0.5285687499999998,2022-12-28 15:00:00,2022-12-28 16:00:00,510.0,829.7189999999996,319.7189999999996
2022-12-30,11,12,0.9999999999999992,0.7708341666666672,0.229165833333332,0.7708341666666678,2022-12-30 11:00:00,2022-12-30 12:00:00,825.0,824.9969999999952,-0.0030000000048175934
2022-12-30,12,13,0.9999999999999992,0.0163888888888888,0.9836111111111104,0.0163888888888888,2022-12-30 12:00:00,2022-12-30 13:00:00,7093.0,3540.9999999999977,-3552.0000000000023
2022-12-30,13,14,0.9999999999999992,0.0033333333333333,0.9966666666666658,0.0033333333333334,2022-12-30 13:00:00,2022-12-30 14:00:00,0.0,3587.999999999997,3587.999999999997
2022-12-30,14,15,0.9999999999999992,0.5957886111111094,0.4042113888888897,0.5957886111111099,2022-12-30 14:00:00,2022-12-30 15:00:00,1455.0,1455.1610000000028,0.1610000000027867
2022-12-30,15,16,0.9999999999999992,0.7333194444444386,0.2666805555555605,0.7333194444444393,2022-12-30 15:00:00,2022-12-30 16:00:00,960.0,960.0500000000177,0.05000000001768967
2022-12-30,16,17,0.590833333333333,0.319980833333333,0.2708524999999999,0.5415754583921013,2022-12-30 16:00:00,2022-12-30 17:00:00,975.0,975.0689999999996,0.06899999999961892
2023-01-02,17,18,0.908888888888888,0.4838702777777777,0.4250186111111104,0.5323756112469442,2023-01-02 17:00:00,2023-01-02 18:00:00,1530.0,1530.0669999999975,0.06699999999750617
2023-01-11,15,16,0.7861111111111104,0.5319916666666648,0.2541194444444457,0.6767385159010582,2023-01-11 15:00:00,2023-01-11 16:00:00,914.0,914.8300000000045,0.8300000000044747
2023-01-11,16,17,0.9999999999999992,0.8749886111111077,0.1250113888888914,0.8749886111111085,2023-01-11 16:00:00,2023-01-11 17:00:00,451.0,450.04100000000903,-0.9589999999909651
2023-01-11,17,18,0.5055555555555551,0.4138977777777818,0.0916577777777733,0.8186989010989097,2023-01-11 17:00:00,2023-01-11 18:00:00,330.0,329.9679999999839,-0.032000000016125796
2023-01-13,14,15,0.5097222222222217,0.3888855555555563,0.1208366666666655,0.7629362397820184,2023-01-13 14:00:00,2023-01-13 15:00:00,0.0,435.0119999999958,435.0119999999958
2023-01-13,15,16,0.9999999999999992,0.6583491666666678,0.3416508333333314,0.6583491666666683,2023-01-13 15:00:00,2023-01-13 16:00:00,0.0,1229.9429999999932,1229.9429999999932
2023-01-13,16,17,0.7486111111111106,0.2895922222222244,0.4590188888888861,0.3868393320964782,2023-01-13 16:00:00,2023-01-13 17:00:00,0.0,1652.4679999999898,1652.4679999999898
2023-01-16,12,13,0.9999999999999992,0.5807483333333353,0.4192516666666638,0.5807483333333359,2023-01-16 12:00:00,2023-01-16 13:00:00,7966.0,1509.3059999999896,-6456.69400000001
2023-01-16,13,14,0.9999999999999992,0.0,0.9999999999999992,0.0,2023-01-16 13:00:00,2023-01-16 14:00:00,0.0,3599.9999999999973,3599.9999999999973
2023-01-16,14,15,0.9999999999999992,0.1649958333333363,0.8350041666666629,0.1649958333333364,2023-01-16 14:00:00,2023-01-16 15:00:00,150.0,3006.0149999999862,2856.0149999999862
2023-01-16,15,16,0.9999999999999992,0.704158888888886,0.2958411111111132,0.7041588888888866,2023-01-16 15:00:00,2023-01-16 16:00:00,1245.0,1065.0280000000075,-179.97199999999248
2023-01-16,16,17,0.9999999999999992,0.6541447222222277,0.3458552777777714,0.6541447222222283,2023-01-16 16:00:00,2023-01-16 17:00:00,1065.0,1245.0789999999772,180.0789999999772
2023-01-16,17,18,0.9999999999999992,0.2749683333333334,0.7250316666666657,0.2749683333333337,2023-01-16 17:00:00,2023-01-16 18:00:00,2610.0,2610.113999999997,0.11399999999684951
2023-01-19,15,16,0.8088888888888882,0.7755638888888877,0.0333250000000004,0.9588015109890105,2023-01-19 15:00:00,2023-01-19 16:00:00,120.0,119.97000000000145,-0.02999999999855163
2023-01-19,16,17,0.9999999999999992,0.5207838888888872,0.479216111111112,0.5207838888888876,2023-01-19 16:00:00,2023-01-19 17:00:00,1725.0,1725.1780000000033,0.1780000000032942
2023-01-19,17,18,0.2955555555555553,0.1913788888888897,0.1041766666666656,0.6475225563909808,2023-01-19 17:00:00,2023-01-19 18:00:00,375.0,375.03599999999614,0.03599999999613601
2023-01-20,16,17,0.9999999999999992,0.4399838888888878,0.5600161111111114,0.4399838888888882,2023-01-20 16:00:00,2023-01-20 17:00:00,3600.0,2016.058000000001,-1583.941999999999
2023-01-20,17,18,0.9999999999999992,0.3722197222222206,0.6277802777777786,0.3722197222222209,2023-01-20 17:00:00,2023-01-20 18:00:00,480.0,2260.0090000000027,1780.0090000000027
2023-01-20,18,19,0.9152777777777772,0.8402811111111134,0.0749966666666636,0.9180613050075904,2023-01-20 18:00:00,2023-01-20 19:00:00,270.0,269.987999999989,-0.012000000011028078
2023-01-24,15,16,0.5338888888888885,0.2797122222222182,0.2541766666666702,0.5239146722164341,2023-01-24 15:00:00,2023-01-24 16:00:00,915.0,915.0360000000128,0.036000000012791133
2023-01-24,16,17,0.4286111111111108,0.3370036111111105,0.0916075000000002,0.7862689565780939,2023-01-24 16:00:00,2023-01-24 17:00:00,330.0,329.7870000000007,-0.21299999999928332
2023-01-27,11,12,0.9119444444444436,0.6869363888888887,0.2250080555555549,0.7532656107219011,2023-01-27 11:00:00,2023-01-27 12:00:00,810.0,810.0289999999976,0.02899999999760894
2023-01-27,12,13,0.9999999999999992,0.2173936111111094,0.7826063888888898,0.2173936111111096,2023-01-27 12:00:00,2023-01-27 13:00:00,6920.0,2817.383000000003,-4102.616999999997
2023-01-27,13,14,0.9999999999999992,0.0,0.9999999999999992,0.0,2023-01-27 13:00:00,2023-01-27 14:00:00,0.0,3599.9999999999973,3599.9999999999973
2023-01-27,14,15,0.9999999999999992,0.5563988888888907,0.4436011111111085,0.5563988888888911,2023-01-27 14:00:00,2023-01-27 15:00:00,1095.0,1596.9639999999906,501.9639999999906
2023-01-27,15,16,0.9999999999999992,0.5874877777777779,0.4125122222222211,0.5874877777777785,2023-01-27 15:00:00,2023-01-27 16:00:00,1485.0,1485.043999999996,0.04399999999600368
2023-01-27,16,17,0.4105555555555553,0.4105555555555553,0.0,1.0,2023-01-27 16:00:00,2023-01-27 17:00:00,0.0,0.0,0.0
2023-01-31,13,14,0.4041666666666663,0.2666561111111166,0.1375105555555497,0.6597676975945159,2023-01-31 13:00:00,2023-01-31 14:00:00,495.0,495.0379999999789,0.037999999978922006
2023-01-31,14,15,0.9999999999999992,0.7334077777777745,0.2665922222222245,0.7334077777777752,2023-01-31 14:00:00,2023-01-31 15:00:00,960.0,959.7320000000083,-0.26799999999172996
2023-01-31,15,16,0.9999999999999992,0.4749622222222247,0.5250377777777744,0.4749622222222251,2023-01-31 15:00:00,2023-01-31 16:00:00,1890.0,1890.1359999999877,0.13599999998768908
2023-01-31,16,17,0.7919444444444438,0.5085838888888913,0.2833605555555525,0.6421964223079657,2023-01-31 16:00:00,2023-01-31 17:00:00,1020.0,1020.097999999989,0.09799999998904241
2023-02-07,13,14,0.3331136111111125,0.0830569444444452,0.2500566666666672,0.2493351867772854,2023-02-07 13:00:00,2023-02-07 14:00:00,1411.0,900.2040000000019,-510.7959999999981
2023-02-07,14,15,0.9999999999999992,0.4582761111111089,0.5417238888888902,0.4582761111111093,2023-02-07 14:00:00,2023-02-07 15:00:00,1444.0,1950.206000000005,506.2060000000049
2023-02-07,15,16,0.9999999999999992,0.8291444444444462,0.1708555555555529,0.8291444444444469,2023-02-07 15:00:00,2023-02-07 16:00:00,615.0,615.0799999999905,0.07999999999049123
2023-02-07,16,17,0.3252777777777775,0.1294347222222237,0.1958430555555537,0.3979205807002611,2023-02-07 16:00:00,2023-02-07 17:00:00,705.0,705.0349999999934,0.03499999999337433
2023-02-10,10,11,0.337222222222222,0.1830466666666663,0.1541755555555556,0.5428072487644147,2023-02-10 10:00:00,2023-02-10 11:00:00,555.0,555.0320000000002,0.032000000000152795
2023-02-10,11,12,0.9999999999999992,0.4586741666666634,0.5413258333333357,0.4586741666666638,2023-02-10 11:00:00,2023-02-10 12:00:00,7695.0,1948.7730000000086,-5746.226999999992
2023-02-10,12,13,0.9999999999999992,0.0,0.9999999999999992,0.0,2023-02-10 12:00:00,2023-02-10 13:00:00,0.0,3599.9999999999973,3599.9999999999973
2023-02-10,13,14,0.9999999999999992,0.2704402777777745,0.7295597222222246,0.2704402777777748,2023-02-10 13:00:00,2023-02-10 14:00:00,480.0,2626.4150000000086,2146.4150000000086
2023-02-10,14,15,0.9999999999999992,0.5958086111111095,0.4041913888888896,0.59580861111111,2023-02-10 14:00:00,2023-02-10 15:00:00,1455.0,1455.0890000000027,0.08900000000267028
2023-02-10,15,16,0.9999999999999992,0.9250255555555552,0.0749744444444439,0.925025555555556,2023-02-10 15:00:00,2023-02-10 16:00:00,270.0,269.907999999998,-0.09200000000197406
