date,hour_start,hour_end,monitored_time_h,operation_time_h,downtime_h,efficiency,timestamp_start,timestamp_end,downtime_ratio,efficiency_loss,zero_operation_flag,throughput_per_hour,production_gallons,hour,weekday
2022-07-22,12,13,0.9999999999999992,0.4957691666666632,0.5042308333333358,0.4957691666666637,2022-07-22 12:00:00,2022-07-22 13:00:00,0.5042308333333363,0.5042308333333363,False,425.0,425.0,12,4
2022-07-22,13,14,0.9999999999999992,0.1041144444444464,0.8958855555555527,0.1041144444444466,2022-07-22 13:00:00,2022-07-22 14:00:00,0.8958855555555534,0.8958855555555534,False,6.0,6.0,13,4
2022-07-22,14,15,0.0,0.0,0.0,0.0,2022-07-22 14:00:00,2022-07-22 15:00:00,,1.0,True,0.0,0.0,14,4
2022-07-22,15,16,0.9999999999999992,0.4541538888888863,0.5458461111111128,0.4541538888888867,2022-07-22 15:00:00,2022-07-22 16:00:00,0.5458461111111133,0.5458461111111133,False,489.99999999999994,490.0,15,4
2022-07-22,16,17,0.9999999999999992,0.7457441666666746,0.2542558333333244,0.7457441666666753,2022-07-22 16:00:00,2022-07-22 17:00:00,0.25425583333332463,0.2542558333333247,False,673.0,673.0,16,4
2022-07-22,17,18,0.9999999999999992,0.5749761111111139,0.4250238888888852,0.5749761111111145,2022-07-22 17:00:00,2022-07-22 18:00:00,0.42502388888888554,0.42502388888888554,False,669.0,669.0,17,4
2022-07-22,18,19,0.9999999999999992,0.5958011111111098,0.4041988888888893,0.5958011111111103,2022-07-22 18:00:00,2022-07-22 19:00:00,0.4041988888888896,0.40419888888888966,False,452.0,452.0,18,4
2022-07-22,20,21,0.9999999999999992,0.7333263888888875,0.2666736111111116,0.7333263888888881,2022-07-22 20:00:00,2022-07-22 21:00:00,0.2666736111111118,0.2666736111111119,False,129.0,129.0,20,4
2022-07-26,13,14,0.9999999999999992,0.3791666666666662,0.6208333333333329,0.3791666666666665,2022-07-26 13:00:00,2022-07-26 14:00:00,0.6208333333333333,0.6208333333333336,False,263.0,263.0,13,1
2022-07-26,14,15,0.9999999999999992,0.1958333333333331,0.804166666666666,0.1958333333333333,2022-07-26 14:00:00,2022-07-26 15:00:00,0.8041666666666667,0.8041666666666667,False,160.0,160.0,14,1
2022-07-26,15,16,0.9999999999999992,0.5124999999999995,0.4874999999999996,0.5125,2022-07-26 15:00:00,2022-07-26 16:00:00,0.4875,0.48750000000000004,False,568.0,568.0,15,1
2022-07-26,16,17,0.9999999999999992,0.6333688888888845,0.3666311111111146,0.6333688888888851,2022-07-26 16:00:00,2022-07-26 17:00:00,0.3666311111111149,0.3666311111111149,False,670.0,670.0,16,1
2022-07-26,17,18,0.9999999999999992,0.449956944444446,0.5500430555555531,0.4499569444444464,2022-07-26 17:00:00,2022-07-26 18:00:00,0.5500430555555536,0.5500430555555536,False,540.0,540.0,17,1
2022-07-26,18,19,0.9999999999999992,0.0999999999999999,0.8999999999999992,0.0999999999999999,2022-07-26 18:00:00,2022-07-26 19:00:00,0.8999999999999999,0.9000000000000001,False,12.0,12.0,18,1
2022-08-01,14,15,0.4999999999999995,0.260001111111112,0.2399988888888875,0.5200022222222245,2022-08-01 14:00:00,2022-08-01 15:00:00,0.4799977777777755,0.4799977777777755,False,168.0,168.0,14,0
2022-08-01,15,16,0.9999999999999992,0.0,0.9999999999999992,0.0,2022-08-01 15:00:00,2022-08-01 16:00:00,1.0,1.0,True,40.0,40.0,15,0
2022-08-01,16,17,0.9999999999999992,0.2658655555555539,0.7341344444444452,0.2658655555555542,2022-08-01 16:00:00,2022-08-01 17:00:00,0.7341344444444458,0.7341344444444458,False,243.00000000000003,243.0,16,0
2022-08-01,17,18,0.4999999999999995,0.2876033333333338,0.2123966666666657,0.5752066666666682,2022-08-01 17:00:00,2022-08-01 18:00:00,0.42479333333333186,0.4247933333333318,False,303.0,303.0,17,0
2022-08-04,10,11,0.4999999999999995,0.4333288888888887,0.0666711111111108,0.8666577777777782,2022-08-04 10:00:00,2022-08-04 11:00:00,0.13334222222222175,0.1333422222222218,False,221.0,221.0,10,3
2022-08-04,11,12,0.9999999999999992,0.8291472222222194,0.1708527777777798,0.82914722222222,2022-08-04 11:00:00,2022-08-04 12:00:00,0.17085277777777994,0.17085277777777996,False,445.0,445.0,11,3
2022-08-04,12,13,0.4999999999999995,0.2124802777777768,0.2875197222222228,0.424960555555554,2022-08-04 12:00:00,2022-08-04 13:00:00,0.5750394444444461,0.575039444444446,False,108.0,108.0,12,3
2022-08-04,15,16,0.4999999999999995,0.4498722222222251,0.0501277777777744,0.8997444444444511,2022-08-04 15:00:00,2022-08-04 16:00:00,0.1002555555555489,0.10025555555554888,False,170.0,170.0,15,3
2022-08-04,16,17,0.7499999999999994,0.3708174999999999,0.3791824999999995,0.4944233333333336,2022-08-04 16:00:00,2022-08-04 17:00:00,0.5055766666666663,0.5055766666666663,False,146.0,146.0,16,3
2022-09-02,11,12,0.2499999999999997,0.133332777777776,0.1166672222222237,0.5333311111111048,2022-09-02 11:00:00,2022-09-02 12:00:00,0.46666888888889535,0.46666888888889524,False,84.0,84.0,11,4
2022-09-02,12,13,0.9999999999999992,0.1518727777777789,0.8481272222222203,0.151872777777779,2022-09-02 12:00:00,2022-09-02 13:00:00,0.8481272222222209,0.848127222222221,False,96.0,96.0,12,4
2022-09-02,13,14,0.9999999999999992,0.256418888888892,0.7435811111111071,0.2564188888888923,2022-09-02 13:00:00,2022-09-02 14:00:00,0.7435811111111077,0.7435811111111077,False,1.0,1.0,13,4
2022-09-02,14,15,0.9999999999999992,0.483137222222227,0.5168627777777721,0.4831372222222274,2022-09-02 14:00:00,2022-09-02 15:00:00,0.5168627777777726,0.5168627777777726,False,193.0,193.0,14,4
2022-09-02,15,16,0.6999999999999994,0.3208080555555467,0.3791919444444526,0.45829722222221,2022-09-02 15:00:00,2022-09-02 16:00:00,0.5417027777777899,0.5417027777777901,False,294.0,294.0,15,4
2022-09-06,14,15,0.9999999999999992,0.7999891666666656,0.2000108333333335,0.7999891666666663,2022-09-06 14:00:00,2022-09-06 15:00:00,0.20001083333333367,0.2000108333333337,False,120.0,120.0,14,1
2022-09-06,15,16,0.9999999999999992,0.6916083333333368,0.3083916666666624,0.6916083333333374,2022-09-06 15:00:00,2022-09-06 16:00:00,0.3083916666666626,0.3083916666666626,False,383.0,383.0,15,1
2022-09-06,16,17,0.9999999999999992,0.7666741666666665,0.2333258333333326,0.7666741666666672,2022-09-06 16:00:00,2022-09-06 17:00:00,0.2333258333333328,0.2333258333333328,False,447.0,447.0,16,1
2022-09-06,17,18,0.4999999999999995,0.3454822222222248,0.1545177777777747,0.6909644444444503,2022-09-06 17:00:00,2022-09-06 18:00:00,0.30903555555554973,0.30903555555554973,False,312.0,312.0,17,1
2022-09-08,14,15,0.9999999999999992,0.6456133333333319,0.3543866666666672,0.6456133333333325,2022-09-08 14:00:00,2022-09-08 15:00:00,0.35438666666666746,0.3543866666666675,False,455.0,455.0,14,3
2022-09-08,15,16,0.9999999999999992,0.6757027777777797,0.3242972222222195,0.6757027777777802,2022-09-08 15:00:00,2022-09-08 16:00:00,0.3242972222222198,0.3242972222222198,False,452.0,452.0,15,3
2022-09-12,13,14,0.4999999999999995,0.3500588888888855,0.149941111111114,0.7001177777777716,2022-09-12 13:00:00,2022-09-12 14:00:00,0.29988222222222827,0.2998822222222284,False,120.0,120.0,13,0
2022-09-12,14,15,0.9999999999999992,0.5012125000000043,0.4987874999999949,0.5012125000000047,2022-09-12 14:00:00,2022-09-12 15:00:00,0.4987874999999953,0.4987874999999953,False,284.0,284.0,14,0
2022-09-12,15,16,0.9999999999999992,0.2588172222222257,0.7411827777777734,0.258817222222226,2022-09-12 15:00:00,2022-09-12 16:00:00,0.741182777777774,0.741182777777774,False,222.0,222.0,15,0
2022-09-12,16,17,0.9999999999999992,0.2458872222222196,0.7541127777777795,0.2458872222222199,2022-09-12 16:00:00,2022-09-12 17:00:00,0.7541127777777801,0.7541127777777801,False,266.0,266.0,16,0
2022-09-15,10,11,0.7499999999999994,0.6124952777777781,0.1375047222222213,0.8166603703703714,2022-09-15 10:00:00,2022-09-15 11:00:00,0.18333962962962852,0.18333962962962858,False,341.0,341.0,10,3
2022-09-15,11,12,0.9999999999999992,0.7079172222222206,0.2920827777777786,0.7079172222222212,2022-09-15 11:00:00,2022-09-15 12:00:00,0.2920827777777788,0.2920827777777788,False,452.99999999999994,453.0,11,3
2022-09-15,13,14,0.4999999999999995,0.2920913888888871,0.2079086111111124,0.5841827777777748,2022-09-15 13:00:00,2022-09-15 14:00:00,0.41581722222222517,0.41581722222222517,False,197.0,197.0,13,3
2022-09-15,14,15,0.9999999999999992,0.6791961111111119,0.3208038888888873,0.6791961111111124,2022-09-15 14:00:00,2022-09-15 15:00:00,0.3208038888888875,0.32080388888888756,False,450.0,450.0,14,3
2022-09-15,15,16,0.9999999999999992,0.4589752777777805,0.5410247222222186,0.4589752777777809,2022-09-15 15:00:00,2022-09-15 16:00:00,0.5410247222222191,0.5410247222222191,False,352.0,352.0,15,3
2022-09-15,16,17,0.4999999999999995,0.2784919444444449,0.2215080555555547,0.5569838888888903,2022-09-15 16:00:00,2022-09-15 17:00:00,0.44301611111110983,0.4430161111111097,False,149.0,149.0,16,3
2022-09-20,10,11,0.7499999999999994,0.2624627777777777,0.4875372222222217,0.3499503703703706,2022-09-20 10:00:00,2022-09-20 11:00:00,0.6500496296296294,0.6500496296296294,False,191.0,191.0,10,1
2022-09-20,11,12,0.9999999999999992,0.3379077777777791,0.66209222222222,0.3379077777777794,2022-09-20 11:00:00,2022-09-20 12:00:00,0.6620922222222205,0.6620922222222205,False,291.0,291.0,11,1
2022-09-20,13,14,0.333333333333333,0.1291555555555554,0.2041777777777776,0.3874666666666666,2022-09-20 13:00:00,2022-09-20 14:00:00,0.6125333333333335,0.6125333333333334,False,79.0,79.0,13,1
2022-09-20,14,15,0.6666666666666661,0.2500455555555557,0.4166211111111103,0.375068333333334,2022-09-20 14:00:00,2022-09-20 15:00:00,0.624931666666666,0.624931666666666,False,219.0,219.0,14,1
2022-09-20,11,12,0.9999999999999992,0.8166486111111106,0.1833513888888885,0.8166486111111113,2022-09-20 11:00:00,2022-09-20 12:00:00,0.18335138888888863,0.1833513888888887,False,291.0,291.0,11,1
2022-09-20,13,14,0.4999999999999995,0.4083155555555514,0.0916844444444481,0.8166311111111035,2022-09-20 13:00:00,2022-09-20 14:00:00,0.18336888888889638,0.18336888888889646,False,79.0,79.0,13,1
2022-09-20,14,15,0.9999999999999992,0.5911899999999978,0.4088100000000013,0.5911899999999983,2022-09-20 14:00:00,2022-09-20 15:00:00,0.4088100000000016,0.40881000000000167,False,219.0,219.0,14,1
2022-09-20,15,16,0.9999999999999992,0.444293888888891,0.5557061111111081,0.4442938888888914,2022-09-20 15:00:00,2022-09-20 16:00:00,0.5557061111111086,0.5557061111111086,False,,,15,1
2022-09-20,16,17,0.4999999999999995,0.4208366666666686,0.0791633333333309,0.8416733333333379,2022-09-20 16:00:00,2022-09-20 17:00:00,0.15832666666666198,0.15832666666666206,False,,,16,1
2022-09-28,14,15,0.333333333333333,0.2374466666666671,0.0958866666666659,0.712340000000002,2022-09-28 14:00:00,2022-09-28 15:00:00,0.287659999999998,0.28765999999999803,False,116.0,116.0,14,2
2022-09-28,15,16,0.7499999999999994,0.5291597222222202,0.2208402777777792,0.7055462962962942,2022-09-28 15:00:00,2022-09-28 16:00:00,0.2944537037037058,0.2944537037037058,False,290.0,290.0,15,2
2022-09-28,18,19,0.9999999999999992,0.608311666666664,0.3916883333333351,0.6083116666666646,2022-09-28 18:00:00,2022-09-28 19:00:00,0.39168833333333536,0.3916883333333354,False,,,18,2
2022-10-07,13,14,0.1666666666666665,0.1124822222222215,0.0541844444444449,0.6748933333333298,2022-10-07 13:00:00,2022-10-07 14:00:00,0.32510666666666976,0.3251066666666702,False,55.0,55.0,13,4
2022-10-07,14,15,0.9999999999999992,0.4543183333333265,0.5456816666666726,0.4543183333333269,2022-10-07 14:00:00,2022-10-07 15:00:00,0.5456816666666731,0.5456816666666731,False,347.0,347.0,14,4
2022-10-07,15,16,0.9999999999999992,0.5248824999999981,0.475117500000001,0.5248824999999986,2022-10-07 15:00:00,2022-10-07 16:00:00,0.4751175000000014,0.4751175000000014,False,327.0,327.0,15,4
2022-10-07,16,17,0.9999999999999992,0.3916722222222134,0.6083277777777858,0.3916722222222137,2022-10-07 16:00:00,2022-10-07 17:00:00,0.6083277777777862,0.6083277777777862,False,375.0,375.0,16,4
2022-10-07,17,18,0.4999999999999995,0.1458524999999982,0.3541475000000013,0.2917049999999968,2022-10-07 17:00:00,2022-10-07 18:00:00,0.7082950000000032,0.7082950000000032,False,178.0,178.0,17,4
2022-10-10,13,14,0.2499999999999997,0.1292483333333328,0.1207516666666669,0.5169933333333319,2022-10-10 13:00:00,2022-10-10 14:00:00,0.4830066666666682,0.48300666666666814,False,86.0,86.0,13,0
2022-10-10,14,15,0.9999999999999992,0.4921408333333281,0.507859166666671,0.4921408333333286,2022-10-10 14:00:00,2022-10-10 15:00:00,0.5078591666666714,0.5078591666666714,False,297.0,297.0,14,0
2022-10-10,16,17,0.6666666666666661,0.2083122222222155,0.4583544444444506,0.3124683333333236,2022-10-10 16:00:00,2022-10-10 17:00:00,0.6875316666666765,0.6875316666666764,False,188.0,188.0,16,0
2022-10-11,11,12,0.9999999999999992,0.4463727777777802,0.5536272222222189,0.4463727777777806,2022-10-11 11:00:00,2022-10-11 12:00:00,0.5536272222222194,0.5536272222222194,False,223.0,223.0,11,1
2022-10-11,12,13,0.4999999999999995,0.204223611111116,0.2957763888888836,0.4084472222222324,2022-10-11 12:00:00,2022-10-11 13:00:00,0.5915527777777677,0.5915527777777676,False,125.0,125.0,12,1
2022-10-13,10,11,0.333333333333333,0.2666341666666661,0.0666991666666669,0.7999024999999991,2022-10-13 10:00:00,2022-10-13 11:00:00,0.20009750000000093,0.20009750000000093,False,151.0,151.0,10,3
2022-10-13,11,12,0.9999999999999992,0.6956322222222208,0.3043677777777784,0.6956322222222213,2022-10-13 11:00:00,2022-10-13 12:00:00,0.3043677777777786,0.3043677777777787,False,398.0,398.0,11,3
2022-10-13,13,14,0.333333333333333,0.1959352777777791,0.1373980555555539,0.5878058333333378,2022-10-13 13:00:00,2022-10-13 14:00:00,0.41219416666666214,0.4121941666666622,False,91.0,91.0,13,3
2022-10-13,15,16,0.9999999999999992,0.5001788888888901,0.4998211111111091,0.5001788888888905,2022-10-13 15:00:00,2022-10-13 16:00:00,0.4998211111111095,0.4998211111111095,False,226.0,226.0,15,3
2022-10-13,16,17,0.4999999999999995,0.2207536111111084,0.2792463888888912,0.4415072222222171,2022-10-13 16:00:00,2022-10-13 17:00:00,0.558492777777783,0.5584927777777828,False,141.0,141.0,16,3
2022-10-20,15,16,0.9999999999999992,0.7666569444444449,0.2333430555555542,0.7666569444444455,2022-10-20 15:00:00,2022-10-20 16:00:00,0.2333430555555544,0.23334305555555446,False,301.0,301.0,15,3
2022-10-24,14,15,0.9999999999999992,0.4874847222222125,0.5125152777777866,0.4874847222222129,2022-10-24 14:00:00,2022-10-24 15:00:00,0.512515277777787,0.512515277777787,False,389.0,389.0,14,0
2022-10-24,15,16,0.9999999999999992,0.2249411111111132,0.775058888888886,0.2249411111111134,2022-10-24 15:00:00,2022-10-24 16:00:00,0.7750588888888865,0.7750588888888866,False,138.0,138.0,15,0
2022-10-24,16,17,0.9999999999999992,0.2124202777777781,0.787579722222221,0.2124202777777784,2022-10-24 16:00:00,2022-10-24 17:00:00,0.7875797222222216,0.7875797222222216,False,131.0,131.0,16,0
2022-10-24,17,18,0.9999999999999992,0.62084277777778,0.3791572222222192,0.6208427777777805,2022-10-24 17:00:00,2022-10-24 18:00:00,0.3791572222222195,0.3791572222222195,False,336.0,336.0,17,0
2022-10-24,18,19,0.5166666666666664,0.3917222222222188,0.1249444444444475,0.7581720430107466,2022-10-24 18:00:00,2022-10-24 19:00:00,0.24182795698925336,0.2418279569892534,False,180.0,180.0,18,0
2022-10-25,11,12,0.3837788888888888,0.3837788888888888,0.0,1.0,2022-10-25 11:00:00,2022-10-25 12:00:00,0.0,0.0,False,294.0,294.0,11,1
2022-10-25,12,13,0.9999999999999992,0.4870783333333333,0.5129216666666658,0.4870783333333337,2022-10-25 12:00:00,2022-10-25 13:00:00,0.5129216666666663,0.5129216666666663,False,244.00000000000003,244.0,12,1
2022-10-25,13,14,0.9999999999999992,0.0,0.9999999999999992,0.0,2022-10-25 13:00:00,2022-10-25 14:00:00,1.0,1.0,True,0.0,0.0,13,1
2022-10-25,14,15,0.9999999999999992,0.2771566666666671,0.7228433333333321,0.2771566666666674,2022-10-25 14:00:00,2022-10-25 15:00:00,0.7228433333333326,0.7228433333333326,False,366.0,366.0,14,1
2022-10-25,15,16,0.9999999999999992,0.9999999999999992,0.0,1.0,2022-10-25 15:00:00,2022-10-25 16:00:00,0.0,0.0,False,533.0,533.0,15,1
2022-10-25,16,17,0.9999999999999992,0.7999613888888917,0.2000386111111075,0.7999613888888923,2022-10-25 16:00:00,2022-10-25 17:00:00,0.20003861111110766,0.20003861111110766,False,452.0,452.0,16,1
2022-10-25,17,18,0.3230555555555552,0.2980577777777763,0.0249977777777789,0.9226208082545104,2022-10-25 17:00:00,2022-10-25 18:00:00,0.07737919174548936,0.07737919174548957,False,160.0,160.0,17,1
2022-10-26,16,17,0.299722222222222,0.149783888888889,0.1499383333333329,0.4997423540315115,2022-10-26 16:00:00,2022-10-26 17:00:00,0.5002576459684882,0.5002576459684884,False,95.0,95.0,16,2
2022-10-26,17,18,0.9669444444444436,0.5545463888888895,0.4123980555555541,0.5735038781959219,2022-10-26 17:00:00,2022-10-26 18:00:00,0.42649612180407814,0.42649612180407814,False,333.0,333.0,17,2
2022-10-28,16,17,0.9999999999999992,0.3833997222222202,0.616600277777779,0.3833997222222205,2022-10-28 16:00:00,2022-10-28 17:00:00,0.6166002777777795,0.6166002777777795,False,226.0,226.0,16,4
2022-10-28,17,18,0.846666666666666,0.3384505555555531,0.5082161111111128,0.3997447506561654,2022-10-28 17:00:00,2022-10-28 18:00:00,0.6002552493438345,0.6002552493438347,False,232.0,232.0,17,4
2022-10-31,11,12,0.9999999999999992,0.9794361111111096,0.0205638888888896,0.9794361111111104,2022-10-31 11:00:00,2022-10-31 12:00:00,0.020563888888889617,0.020563888888889603,False,431.0,431.0,11,0
2022-10-31,12,13,0.9999999999999992,0.0105738888888903,0.9894261111111088,0.0105738888888904,2022-10-31 12:00:00,2022-10-31 13:00:00,0.9894261111111096,0.9894261111111096,False,0.0,0.0,12,0
2022-10-31,13,14,0.9999999999999992,0.4060027777777769,0.5939972222222223,0.4060027777777772,2022-10-31 13:00:00,2022-10-31 14:00:00,0.5939972222222227,0.5939972222222227,False,194.0,194.0,13,0
2022-10-31,14,15,0.9999999999999992,0.1481536111111115,0.8518463888888876,0.1481536111111117,2022-10-31 14:00:00,2022-10-31 15:00:00,0.8518463888888883,0.8518463888888883,False,74.0,74.0,14,0
2022-10-31,15,16,0.9999999999999992,0.4709416666666688,0.5290583333333303,0.4709416666666692,2022-10-31 15:00:00,2022-10-31 16:00:00,0.5290583333333307,0.5290583333333307,False,237.99999999999997,238.0,15,0
2022-10-31,16,17,0.9999999999999992,0.4767136111111107,0.5232863888888883,0.4767136111111112,2022-10-31 16:00:00,2022-10-31 17:00:00,0.5232863888888888,0.5232863888888888,False,236.00000000000003,236.0,16,0
2022-10-31,17,18,0.9999999999999992,0.7958199999999966,0.2041800000000025,0.7958199999999973,2022-10-31 17:00:00,2022-10-31 18:00:00,0.20418000000000266,0.2041800000000027,False,404.0,404.0,17,0
2022-10-31,18,19,0.3441666666666663,0.2650022222222203,0.079164444444446,0.7699822437449506,2022-10-31 18:00:00,2022-10-31 19:00:00,0.23001775625504914,0.2300177562550494,False,162.0,162.0,18,0
2022-11-03,11,12,0.709444444444444,0.4162711111111113,0.2931733333333326,0.5867564604541903,2022-11-03 11:00:00,2022-11-03 12:00:00,0.4132435395458098,0.4132435395458097,False,227.0,227.0,11,3
2022-11-03,12,13,0.9999999999999992,0.0529191666666654,0.9470808333333336,0.0529191666666655,2022-11-03 12:00:00,2022-11-03 13:00:00,0.9470808333333344,0.9470808333333345,False,44.0,44.0,12,3
2022-11-03,13,14,0.9999999999999992,0.0451055555555574,0.9548944444444416,0.0451055555555575,2022-11-03 13:00:00,2022-11-03 14:00:00,0.9548944444444424,0.9548944444444425,False,40.0,40.0,13,3
2022-11-03,14,15,0.9999999999999992,0.2382850000000009,0.7617149999999983,0.2382850000000012,2022-11-03 14:00:00,2022-11-03 15:00:00,0.7617149999999988,0.7617149999999988,False,147.0,147.0,14,3
2022-11-03,15,16,0.9999999999999992,0.3824463888888832,0.617553611111116,0.3824463888888836,2022-11-03 15:00:00,2022-11-03 16:00:00,0.6175536111111164,0.6175536111111164,False,245.99999999999997,246.0,15,3
2022-11-03,16,17,0.9174999999999992,0.5009100000000056,0.4165899999999937,0.5459509536784807,2022-11-03 16:00:00,2022-11-03 17:00:00,0.4540490463215194,0.4540490463215193,False,294.0,294.0,16,3
2022-11-08,12,13,0.4141666666666664,0.4141666666666664,0.0,1.0,2022-11-08 12:00:00,2022-11-08 13:00:00,0.0,0.0,False,203.0,203.0,12,1
2022-11-08,13,14,0.9999999999999992,0.0482283333333323,0.9517716666666668,0.0482283333333324,2022-11-08 13:00:00,2022-11-08 14:00:00,0.9517716666666676,0.9517716666666676,False,31.0,31.0,13,1
2022-11-08,14,15,0.9999999999999992,0.689954166666665,0.3100458333333342,0.6899541666666655,2022-11-08 14:00:00,2022-11-08 15:00:00,0.3100458333333344,0.31004583333333446,False,120.0,120.0,14,1
2022-11-08,15,16,0.9999999999999992,0.9624999999999992,0.0374999999999999,0.9625,2022-11-08 15:00:00,2022-11-08 16:00:00,0.03749999999999993,0.03749999999999998,False,466.0,466.0,15,1
2022-11-08,16,17,0.9999999999999992,0.1025216666666669,0.8974783333333323,0.102521666666667,2022-11-08 16:00:00,2022-11-08 17:00:00,0.8974783333333329,0.897478333333333,False,49.0,49.0,16,1
2022-11-08,17,18,0.9999999999999992,0.7557113888888909,0.2442886111111082,0.7557113888888916,2022-11-08 17:00:00,2022-11-08 18:00:00,0.2442886111111084,0.24428861111110844,False,362.0,362.0,17,1
2022-11-08,18,19,0.7444444444444438,0.2818794444444453,0.4625649999999984,0.3786440298507478,2022-11-08 18:00:00,2022-11-08 19:00:00,0.6213559701492521,0.6213559701492521,False,157.0,157.0,18,1
2022-11-11,14,15,0.4122222222222219,0.2416624999999978,0.170559722222224,0.5862432614555209,2022-11-11 14:00:00,2022-11-11 15:00:00,0.41375673854447903,0.41375673854447914,False,46.0,46.0,14,4
2022-11-11,15,16,0.9999999999999992,0.4949822222222226,0.5050177777777765,0.4949822222222231,2022-11-11 15:00:00,2022-11-11 16:00:00,0.5050177777777769,0.5050177777777769,False,247.0,247.0,15,4
2022-11-11,16,17,0.9999999999999992,0.0819927777777767,0.9180072222222224,0.0819927777777769,2022-11-11 16:00:00,2022-11-11 17:00:00,0.9180072222222231,0.9180072222222231,False,51.0,51.0,16,4
2022-11-11,17,18,0.6683333333333328,0.593473055555556,0.0748602777777768,0.8879896093100594,2022-11-11 17:00:00,2022-11-11 18:00:00,0.11201039068994045,0.11201039068994056,False,229.99999999999997,230.0,17,4
2022-11-14,15,16,0.4724999999999996,0.2308105555555567,0.2416894444444428,0.4884879482657289,2022-11-14 15:00:00,2022-11-14 16:00:00,0.511512051734271,0.5115120517342711,False,145.0,145.0,15,0
2022-11-14,16,17,0.4941666666666662,0.3233308333333313,0.1708358333333349,0.6542951096121381,2022-11-14 16:00:00,2022-11-14 17:00:00,0.34570489038786184,0.3457048903878619,False,185.0,185.0,16,0
2022-11-15,11,12,0.9999999999999992,0.8933266666666665,0.1066733333333326,0.8933266666666673,2022-11-15 11:00:00,2022-11-15 12:00:00,0.10667333333333269,0.10667333333333273,False,535.0,535.0,11,1
2022-11-15,12,13,0.9999999999999992,0.0,0.9999999999999992,0.0,2022-11-15 12:00:00,2022-11-15 13:00:00,1.0,1.0,True,0.0,0.0,12,1
2022-11-15,13,14,0.9999999999999992,0.0,0.9999999999999992,0.0,2022-11-15 13:00:00,2022-11-15 14:00:00,1.0,1.0,True,0.0,0.0,13,1
2022-11-15,14,15,0.9999999999999992,0.6816063888888871,0.3183936111111121,0.6816063888888877,2022-11-15 14:00:00,2022-11-15 15:00:00,0.3183936111111123,0.3183936111111123,False,520.0,520.0,14,1
2022-11-15,15,16,0.9999999999999992,0.9249991666666678,0.0750008333333313,0.9249991666666686,2022-11-15 15:00:00,2022-11-15 16:00:00,0.07500083333333135,0.07500083333333141,False,267.0,267.0,15,1
2022-11-21,13,14,0.5608333333333329,0.3209005555555508,0.239932777777782,0.5721852402179217,2022-11-21 13:00:00,2022-11-21 14:00:00,0.4278147597820782,0.4278147597820783,False,178.0,178.0,13,0
2022-11-21,14,15,0.9999999999999992,0.0,0.9999999999999992,0.0,2022-11-21 14:00:00,2022-11-21 15:00:00,1.0,1.0,True,0.0,0.0,14,0
2022-11-21,15,16,0.9999999999999992,0.0,0.9999999999999992,0.0,2022-11-21 15:00:00,2022-11-21 16:00:00,1.0,1.0,True,0.0,0.0,15,0
2022-11-21,16,17,0.9999999999999992,0.402316944444443,0.5976830555555561,0.4023169444444434,2022-11-21 16:00:00,2022-11-21 17:00:00,0.5976830555555566,0.5976830555555566,False,188.0,188.0,16,0
2022-11-21,17,18,0.8561111111111105,0.5561063888888879,0.3000047222222226,0.6495726800778707,2022-11-21 17:00:00,2022-11-21 18:00:00,0.35042731992212917,0.3504273199221293,False,240.0,240.0,17,0
2022-11-23,15,16,0.8544444444444438,0.5919341666666726,0.262510277777771,0.6927708062418803,2022-11-23 15:00:00,2022-11-23 16:00:00,0.3072291937581197,0.30722919375811975,False,312.0,312.0,15,2
2022-11-23,16,17,0.9999999999999992,0.7749144444444414,0.2250855555555578,0.774914444444442,2022-11-23 16:00:00,2022-11-23 17:00:00,0.22508555555555795,0.22508555555555798,False,466.0,466.0,16,2
2022-11-23,17,18,0.4455555555555552,0.3705550000000006,0.0750005555555545,0.8316695760598525,2022-11-23 17:00:00,2022-11-23 18:00:00,0.16833042394014738,0.16833042394014752,False,166.0,166.0,17,2
2022-11-28,12,13,0.9427933333333326,0.0,0.9427933333333326,0.0,2022-11-28 12:00:00,2022-11-28 13:00:00,1.0,1.0,True,407.0,407.0,12,0
2022-11-28,13,14,0.9999999999999992,0.0,0.9999999999999992,0.0,2022-11-28 13:00:00,2022-11-28 14:00:00,1.0,1.0,True,0.0,0.0,13,0
2022-11-28,14,15,0.9999999999999992,0.0,0.9999999999999992,0.0,2022-11-28 14:00:00,2022-11-28 15:00:00,1.0,1.0,True,0.0,0.0,14,0
2022-11-28,15,16,0.9999999999999992,0.0,0.9999999999999992,0.0,2022-11-28 15:00:00,2022-11-28 16:00:00,1.0,1.0,True,42.0,42.0,15,0
2022-11-28,16,17,0.9999999999999992,0.6467547222222206,0.3532452777777785,0.6467547222222212,2022-11-28 16:00:00,2022-11-28 17:00:00,0.35324527777777875,0.3532452777777788,False,312.0,312.0,16,0
2022-11-28,17,18,0.9999999999999992,0.905648333333332,0.0943516666666672,0.9056483333333328,2022-11-28 17:00:00,2022-11-28 18:00:00,0.09435166666666726,0.09435166666666717,False,470.00000000000006,470.0,17,0
2022-11-28,18,19,0.7558333333333328,0.6043377777777761,0.1514955555555567,0.7995648658581387,2022-11-28 18:00:00,2022-11-28 19:00:00,0.20043513414186126,0.20043513414186132,False,365.0,365.0,18,0
2022-12-02,12,13,0.8483333333333326,0.029256111111112,0.8190772222222205,0.0344865749836291,2022-12-02 12:00:00,2022-12-02 13:00:00,0.9655134250163707,0.9655134250163709,False,0.0,0.0,12,4
2022-12-02,13,14,0.9999999999999992,0.3899069444444377,0.6100930555555615,0.3899069444444381,2022-12-02 13:00:00,2022-12-02 14:00:00,0.6100930555555619,0.6100930555555619,False,196.0,196.0,13,4
2022-12-02,14,15,0.9999999999999992,0.5499247222222139,0.4500752777777853,0.5499247222222143,2022-12-02 14:00:00,2022-12-02 15:00:00,0.4500752777777856,0.45007527777778567,False,212.0,212.0,14,4
2022-12-02,15,16,0.2144444444444443,0.2144444444444443,0.0,1.0,2022-12-02 15:00:00,2022-12-02 16:00:00,0.0,0.0,False,101.0,101.0,15,4
2022-12-05,12,13,0.9999999999999992,0.1763822222222193,0.8236177777777798,0.1763822222222195,2022-12-05 12:00:00,2022-12-05 13:00:00,0.8236177777777804,0.8236177777777804,False,11.0,11.0,12,0
2022-12-05,13,14,0.9999999999999992,0.0069444444444443,0.9930555555555548,0.0069444444444443,2022-12-05 13:00:00,2022-12-05 14:00:00,0.9930555555555556,0.9930555555555557,False,103.0,103.0,13,0
2022-12-05,14,15,0.9999999999999992,0.73330638888889,0.2666936111111091,0.7333063888888907,2022-12-05 14:00:00,2022-12-05 15:00:00,0.26669361111110934,0.26669361111110934,False,6.0,6.0,14,0
2022-12-05,15,16,0.9999999999999992,0.8791583333333303,0.1208416666666688,0.879158333333331,2022-12-05 15:00:00,2022-12-05 16:00:00,0.1208416666666689,0.12084166666666896,False,438.0,438.0,15,0
2022-12-06,7,8,0.1638308333333336,0.0,0.1638308333333336,0.0,2022-12-06 07:00:00,2022-12-06 08:00:00,1.0,1.0,True,173.0,173.0,7,1
2022-12-06,8,9,0.9999999999999992,0.0,0.9999999999999992,0.0,2022-12-06 08:00:00,2022-12-06 09:00:00,1.0,1.0,True,0.0,0.0,8,1
2022-12-06,9,10,0.9999999999999992,0.0,0.9999999999999992,0.0,2022-12-06 09:00:00,2022-12-06 10:00:00,1.0,1.0,True,5.0,5.0,9,1
2022-12-06,10,11,0.9999999999999992,0.0,0.9999999999999992,0.0,2022-12-06 10:00:00,2022-12-06 11:00:00,1.0,1.0,True,0.0,0.0,10,1
2022-12-06,11,12,0.9999999999999992,0.0,0.9999999999999992,0.0,2022-12-06 11:00:00,2022-12-06 12:00:00,1.0,1.0,True,0.0,0.0,11,1
2022-12-06,12,13,0.9999999999999992,0.0,0.9999999999999992,0.0,2022-12-06 12:00:00,2022-12-06 13:00:00,1.0,1.0,True,0.0,0.0,12,1
2022-12-06,13,14,0.9999999999999992,0.1416733333333314,0.8583266666666677,0.1416733333333315,2022-12-06 13:00:00,2022-12-06 14:00:00,0.8583266666666683,0.8583266666666685,False,74.0,74.0,13,1
2022-12-06,14,15,0.9999999999999992,0.4663888888888884,0.5336111111111107,0.4663888888888888,2022-12-06 14:00:00,2022-12-06 15:00:00,0.5336111111111111,0.5336111111111113,False,274.0,274.0,14,1
2022-12-06,15,16,0.9999999999999992,0.716645277777775,0.2833547222222241,0.7166452777777756,2022-12-06 15:00:00,2022-12-06 16:00:00,0.2833547222222243,0.28335472222222435,False,457.0,457.0,15,1
2022-12-06,16,17,0.146111111111111,0.1252769444444441,0.0208341666666669,0.8574087452471465,2022-12-06 16:00:00,2022-12-06 17:00:00,0.14259125475285342,0.1425912547528535,False,67.0,67.0,16,1
2022-12-08,11,12,0.9999999999999992,0.7296002777777792,0.2703997222222198,0.7296002777777799,2022-12-08 11:00:00,2022-12-08 12:00:00,0.27039972222222003,0.2703997222222201,False,602.0,602.0,11,3
2022-12-08,12,13,0.9999999999999992,0.5094252777777792,0.4905747222222199,0.5094252777777797,2022-12-08 12:00:00,2022-12-08 13:00:00,0.4905747222222203,0.4905747222222203,False,329.0,329.0,12,3
2022-12-08,13,14,0.9999999999999992,0.0,0.9999999999999992,0.0,2022-12-08 13:00:00,2022-12-08 14:00:00,1.0,1.0,True,0.0,0.0,13,3
2022-12-08,14,15,0.9999999999999992,0.5237722222222234,0.4762277777777757,0.5237722222222239,2022-12-08 14:00:00,2022-12-08 15:00:00,0.4762277777777761,0.47622777777777614,False,293.0,293.0,14,3
2022-12-08,15,16,0.9999999999999992,0.201249722222222,0.7987502777777771,0.2012497222222222,2022-12-08 15:00:00,2022-12-08 16:00:00,0.7987502777777777,0.7987502777777777,False,89.0,89.0,15,3
2022-12-08,16,17,0.9999999999999992,0.6695244444444425,0.3304755555555567,0.669524444444443,2022-12-08 16:00:00,2022-12-08 17:00:00,0.33047555555555697,0.33047555555555697,False,353.0,353.0,16,3
2022-12-08,17,18,0.9999999999999992,0.5374797222222196,0.4625202777777796,0.5374797222222201,2022-12-08 17:00:00,2022-12-08 18:00:00,0.46252027777777993,0.46252027777777993,False,190.0,190.0,17,3
2022-12-13,7,8,0.9197222222222214,0.015,0.9047222222222214,0.0163092721232256,2022-12-13 07:00:00,2022-12-13 08:00:00,0.9836907278767744,0.9836907278767744,False,10.0,10.0,7,1
2022-12-13,8,9,0.9999999999999992,0.0583333333333332,0.941666666666666,0.0583333333333333,2022-12-13 08:00:00,2022-12-13 09:00:00,0.9416666666666668,0.9416666666666667,False,106.0,106.0,8,1
2022-12-13,9,10,0.9999999999999992,0.0058333333333332,0.994166666666666,0.0058333333333332,2022-12-13 09:00:00,2022-12-13 10:00:00,0.9941666666666668,0.9941666666666668,False,2.0,2.0,9,1
2022-12-13,10,11,0.9999999999999992,0.7374177777777755,0.2625822222222236,0.7374177777777762,2022-12-13 10:00:00,2022-12-13 11:00:00,0.2625822222222238,0.2625822222222238,False,291.0,291.0,10,1
2022-12-13,11,12,0.9999999999999992,0.5749933333333356,0.4250066666666635,0.5749933333333361,2022-12-13 11:00:00,2022-12-13 12:00:00,0.4250066666666638,0.42500666666666387,False,258.0,258.0,11,1
2022-12-13,12,13,0.9999999999999992,0.1611111111111109,0.8388888888888882,0.1611111111111111,2022-12-13 12:00:00,2022-12-13 13:00:00,0.8388888888888889,0.8388888888888889,False,54.0,54.0,12,1
2022-12-13,13,14,0.9999999999999992,0.0374999999999998,0.9624999999999994,0.0374999999999998,2022-12-13 13:00:00,2022-12-13 14:00:00,0.9625000000000001,0.9625000000000002,False,19.0,19.0,13,1
2022-12-13,14,15,0.9999999999999992,0.4625033333333355,0.5374966666666636,0.4625033333333359,2022-12-13 14:00:00,2022-12-13 15:00:00,0.5374966666666641,0.5374966666666641,False,184.0,184.0,14,1
2022-12-13,15,16,0.9999999999999992,0.1137988888888877,0.8862011111111114,0.1137988888888879,2022-12-13 15:00:00,2022-12-13 16:00:00,0.8862011111111121,0.8862011111111121,False,71.0,71.0,15,1
2022-12-13,16,17,0.973888888888888,0.7280522222222271,0.2458366666666609,0.7475721620079919,2022-12-13 16:00:00,2022-12-13 17:00:00,0.252427837992008,0.2524278379920081,False,399.0,399.0,16,1
2022-12-16,16,17,0.461944444444444,0.2077508333333288,0.2541936111111151,0.4497312086590406,2022-12-16 16:00:00,2022-12-16 17:00:00,0.5502687913409593,0.5502687913409594,False,104.0,104.0,16,4
2022-12-16,17,18,0.5297222222222219,0.2005924999999969,0.3291297222222248,0.3786748820136285,2022-12-16 17:00:00,2022-12-16 18:00:00,0.6213251179863714,0.6213251179863715,False,121.0,121.0,17,4
2022-12-19,11,12,0.9649999999999992,0.3375016666666662,0.627498333333333,0.3497426597582036,2022-12-19 11:00:00,2022-12-19 12:00:00,0.6502573402417965,0.6502573402417964,False,205.0,205.0,11,0
2022-12-19,12,13,0.9999999999999992,0.0,0.9999999999999992,0.0,2022-12-19 12:00:00,2022-12-19 13:00:00,1.0,1.0,True,0.0,0.0,12,0
2022-12-19,13,14,0.9999999999999992,0.0,0.9999999999999992,0.0,2022-12-19 13:00:00,2022-12-19 14:00:00,1.0,1.0,True,0.0,0.0,13,0
2022-12-19,14,15,0.9999999999999992,0.2416805555555574,0.7583194444444418,0.2416805555555576,2022-12-19 14:00:00,2022-12-19 15:00:00,0.7583194444444423,0.7583194444444424,False,150.0,150.0,14,0
2022-12-19,15,16,0.9999999999999992,0.2083288888888901,0.791671111111109,0.2083288888888903,2022-12-19 15:00:00,2022-12-19 16:00:00,0.7916711111111097,0.7916711111111097,False,129.0,129.0,15,0
2022-12-19,16,17,0.7769444444444439,0.095857500000002,0.6810869444444417,0.1233775473721872,2022-12-19 16:00:00,2022-12-19 17:00:00,0.8766224526278127,0.8766224526278128,False,59.00000000000001,59.0,16,0
2022-12-20,11,12,0.3577777777777775,0.220273611111111,0.1375041666666664,0.615671583850932,2022-12-20 11:00:00,2022-12-20 12:00:00,0.38432841614906793,0.384328416149068,False,111.0,111.0,11,1
2022-12-20,12,13,0.9999999999999992,0.4755833333333332,0.5244166666666659,0.4755833333333337,2022-12-20 12:00:00,2022-12-20 13:00:00,0.5244166666666663,0.5244166666666663,False,245.99999999999997,246.0,12,1
2022-12-20,13,14,0.9999999999999992,0.0,0.9999999999999992,0.0,2022-12-20 13:00:00,2022-12-20 14:00:00,1.0,1.0,True,0.0,0.0,13,1
2022-12-20,14,15,0.9999999999999992,0.5050672222222281,0.494932777777771,0.5050672222222286,2022-12-20 14:00:00,2022-12-20 15:00:00,0.4949327777777714,0.49493277777777145,False,379.0,379.0,14,1
2022-12-20,15,16,0.9999999999999992,0.7707636111111198,0.2292363888888793,0.7707636111111205,2022-12-20 15:00:00,2022-12-20 16:00:00,0.22923638888887946,0.22923638888887954,False,508.0,508.0,15,1
2022-12-20,16,17,0.9999999999999992,0.6374511111111069,0.3625488888888923,0.6374511111111074,2022-12-20 16:00:00,2022-12-20 17:00:00,0.3625488888888926,0.3625488888888926,False,413.0,413.0,16,1
2022-12-20,17,18,0.6816666666666661,0.5233455555555557,0.1583211111111103,0.7677440912795446,2022-12-20 17:00:00,2022-12-20 18:00:00,0.2322559087204554,0.23225590872045543,False,284.0,284.0,17,1
2022-12-21,10,11,0.9999999999999992,0.541662222222222,0.4583377777777772,0.5416622222222225,2022-12-21 10:00:00,2022-12-21 11:00:00,0.4583377777777775,0.4583377777777775,False,302.0,302.0,10,2
2022-12-21,11,12,0.9999999999999992,0.6247205555555538,0.3752794444444453,0.6247205555555544,2022-12-21 11:00:00,2022-12-21 12:00:00,0.37527944444444555,0.3752794444444456,False,365.0,365.0,11,2
2022-12-21,12,13,0.9999999999999992,0.0505555555555554,0.9494444444444436,0.0505555555555555,2022-12-21 12:00:00,2022-12-21 13:00:00,0.9494444444444444,0.9494444444444445,False,36.0,36.0,12,2
2022-12-21,13,14,0.9999999999999992,0.0,0.9999999999999992,0.0,2022-12-21 13:00:00,2022-12-21 14:00:00,1.0,1.0,True,0.0,0.0,13,2
2022-12-21,14,15,0.9999999999999992,0.2022380555555545,0.7977619444444446,0.2022380555555547,2022-12-21 14:00:00,2022-12-21 15:00:00,0.7977619444444453,0.7977619444444453,False,143.0,143.0,14,2
2022-12-21,15,16,0.9999999999999992,0.8124908333333336,0.1875091666666656,0.8124908333333343,2022-12-21 15:00:00,2022-12-21 16:00:00,0.18750916666666573,0.18750916666666573,False,407.0,407.0,15,2
2022-12-21,16,17,0.9999999999999992,0.808321111111111,0.1916788888888881,0.8083211111111117,2022-12-21 16:00:00,2022-12-21 17:00:00,0.19167888888888823,0.1916788888888883,False,397.0,397.0,16,2
2022-12-21,17,18,0.9999999999999992,0.6000316666666657,0.3999683333333333,0.6000316666666663,2022-12-21 17:00:00,2022-12-21 18:00:00,0.39996833333333365,0.3999683333333337,False,498.0,498.0,17,2
2022-12-22,11,12,0.9999999999999992,0.78345611111111,0.2165438888888891,0.7834561111111107,2022-12-22 11:00:00,2022-12-22 12:00:00,0.21654388888888926,0.2165438888888893,False,434.0,434.0,11,3
2022-12-22,12,13,0.9999999999999992,0.0291666666666665,0.9708333333333328,0.0291666666666665,2022-12-22 12:00:00,2022-12-22 13:00:00,0.9708333333333335,0.9708333333333335,False,40.0,40.0,12,3
2022-12-22,13,14,0.9999999999999992,0.0,0.9999999999999992,0.0,2022-12-22 13:00:00,2022-12-22 14:00:00,1.0,1.0,True,0.0,0.0,13,3
2022-12-22,14,15,0.9999999999999992,0.0,0.9999999999999992,0.0,2022-12-22 14:00:00,2022-12-22 15:00:00,1.0,1.0,True,0.0,0.0,14,3
2022-12-22,15,16,0.9999999999999992,0.953888888888888,0.046111111111111,0.9538888888888888,2022-12-22 15:00:00,2022-12-22 16:00:00,0.04611111111111103,0.046111111111111214,False,441.0,441.0,15,3
2022-12-22,16,17,0.9999999999999992,0.7916666666666654,0.2083333333333337,0.7916666666666661,2022-12-22 16:00:00,2022-12-22 17:00:00,0.20833333333333387,0.20833333333333393,False,422.0,422.0,16,3
2022-12-23,9,10,0.9999999999999992,0.7833277777777765,0.2166722222222226,0.7833277777777772,2022-12-23 09:00:00,2022-12-23 10:00:00,0.21667222222222277,0.21667222222222282,False,160.0,160.0,9,4
2022-12-23,10,11,0.9999999999999992,0.699988055555555,0.3000119444444442,0.6999880555555555,2022-12-23 10:00:00,2022-12-23 11:00:00,0.3000119444444444,0.30001194444444446,False,349.0,349.0,10,4
2022-12-23,11,12,0.9999999999999992,0.5499894444444435,0.4500105555555557,0.549989444444444,2022-12-23 11:00:00,2022-12-23 12:00:00,0.450010555555556,0.450010555555556,False,319.0,319.0,11,4
2022-12-23,12,13,0.768055555555555,0.5305558333333348,0.2374997222222201,0.6907779385171815,2022-12-23 12:00:00,2022-12-23 13:00:00,0.30922206148281844,0.3092220614828185,False,229.99999999999997,230.0,12,4
2022-12-26,15,16,0.2105555555555553,0.0063788888888902,0.2041766666666651,0.0302955145118796,2022-12-26 15:00:00,2022-12-26 16:00:00,0.9697044854881204,0.9697044854881204,False,60.0,60.0,15,0
2022-12-26,16,17,0.7019444444444439,0.5144472222222225,0.1874972222222214,0.7328888009497437,2022-12-26 16:00:00,2022-12-26 17:00:00,0.26711119905025626,0.26711119905025626,False,282.0,282.0,16,0
2022-12-27,10,11,0.360833333333333,0.3358313888888876,0.0250019444444453,0.9307105465742852,2022-12-27 10:00:00,2022-12-27 11:00:00,0.06928945342571452,0.0692894534257148,False,244.00000000000003,244.0,10,1
2022-12-27,11,12,0.9999999999999992,0.3499691666666674,0.6500308333333317,0.3499691666666678,2022-12-27 11:00:00,2022-12-27 12:00:00,0.6500308333333322,0.6500308333333322,False,203.0,203.0,11,1
2022-12-27,12,13,0.9999999999999992,0.4518058333333337,0.5481941666666654,0.4518058333333341,2022-12-27 12:00:00,2022-12-27 13:00:00,0.5481941666666659,0.5481941666666659,False,294.0,294.0,12,1
2022-12-27,13,14,0.9999999999999992,0.0,0.9999999999999992,0.0,2022-12-27 13:00:00,2022-12-27 14:00:00,1.0,1.0,True,0.0,0.0,13,1
2022-12-27,14,15,0.9999999999999992,0.0,0.9999999999999992,0.0,2022-12-27 14:00:00,2022-12-27 15:00:00,1.0,1.0,True,0.0,0.0,14,1
2022-12-27,15,16,0.9999999999999992,0.3688222222222196,0.6311777777777796,0.3688222222222199,2022-12-27 15:00:00,2022-12-27 16:00:00,0.6311777777777801,0.6311777777777801,False,228.00000000000003,228.0,15,1
2022-12-27,16,17,0.9999999999999992,0.2214774999999977,0.7785225000000014,0.221477499999998,2022-12-27 16:00:00,2022-12-27 17:00:00,0.778522500000002,0.778522500000002,False,189.0,189.0,16,1
2022-12-27,17,18,0.1624999999999998,0.0804991666666679,0.0820008333333319,0.4953794871794956,2022-12-27 17:00:00,2022-12-27 18:00:00,0.5046205128205046,0.5046205128205044,False,45.0,45.0,17,1
2022-12-28,11,12,0.8447222222222215,0.3780405555555534,0.466681666666668,0.4475323906609646,2022-12-28 11:00:00,2022-12-28 12:00:00,0.5524676093390353,0.5524676093390354,False,252.99999999999997,253.0,11,2
2022-12-28,12,13,0.9999999999999992,0.5469419444444452,0.453058055555554,0.5469419444444457,2022-12-28 12:00:00,2022-12-28 13:00:00,0.45305805555555434,0.45305805555555434,False,259.0,259.0,12,2
2022-12-28,13,14,0.9999999999999992,0.0,0.9999999999999992,0.0,2022-12-28 13:00:00,2022-12-28 14:00:00,1.0,1.0,True,0.0,0.0,13,2
2022-12-28,14,15,0.9999999999999992,0.2415366666666646,0.7584633333333346,0.2415366666666648,2022-12-28 14:00:00,2022-12-28 15:00:00,0.7584633333333352,0.7584633333333353,False,158.0,158.0,14,2
2022-12-28,15,16,0.4888888888888885,0.2584113888888885,0.2304774999999999,0.5285687499999998,2022-12-28 15:00:00,2022-12-28 16:00:00,0.4714312500000002,0.4714312500000002,False,143.0,143.0,15,2
2022-12-30,11,12,0.9999999999999992,0.7708341666666672,0.229165833333332,0.7708341666666678,2022-12-30 11:00:00,2022-12-30 12:00:00,0.22916583333333215,0.22916583333333218,False,300.0,300.0,11,4
2022-12-30,12,13,0.9999999999999992,0.0163888888888888,0.9836111111111104,0.0163888888888888,2022-12-30 12:00:00,2022-12-30 13:00:00,0.9836111111111112,0.9836111111111112,False,8.0,8.0,12,4
2022-12-30,13,14,0.9999999999999992,0.0033333333333333,0.9966666666666658,0.0033333333333334,2022-12-30 13:00:00,2022-12-30 14:00:00,0.9966666666666666,0.9966666666666666,False,11.0,11.0,13,4
2022-12-30,14,15,0.9999999999999992,0.5957886111111094,0.4042113888888897,0.5957886111111099,2022-12-30 14:00:00,2022-12-30 15:00:00,0.40421138888889,0.4042113888888901,False,205.0,205.0,14,4
2022-12-30,15,16,0.9999999999999992,0.7333194444444386,0.2666805555555605,0.7333194444444393,2022-12-30 15:00:00,2022-12-30 16:00:00,0.2666805555555607,0.2666805555555607,False,318.0,318.0,15,4
2022-12-30,16,17,0.590833333333333,0.319980833333333,0.2708524999999999,0.5415754583921013,2022-12-30 16:00:00,2022-12-30 17:00:00,0.45842454160789853,0.4584245416078987,False,232.0,232.0,16,4
2023-01-02,17,18,0.908888888888888,0.4838702777777777,0.4250186111111104,0.5323756112469442,2023-01-02 17:00:00,2023-01-02 18:00:00,0.4676243887530559,0.4676243887530558,False,312.0,312.0,17,0
2023-01-11,15,16,0.7861111111111104,0.5319916666666648,0.2541194444444457,0.6767385159010582,2023-01-11 15:00:00,2023-01-11 16:00:00,0.3232614840989418,0.32326148409894184,False,457.0,457.0,15,2
2023-01-11,16,17,0.9999999999999992,0.8749886111111077,0.1250113888888914,0.8749886111111085,2023-01-11 16:00:00,2023-01-11 17:00:00,0.12501138888889152,0.12501138888889152,False,633.0,633.0,16,2
2023-01-11,17,18,0.5055555555555551,0.4138977777777818,0.0916577777777733,0.8186989010989097,2023-01-11 17:00:00,2023-01-11 18:00:00,0.1813010989010902,0.18130109890109025,False,254.0,254.0,17,2
2023-01-13,14,15,0.5097222222222217,0.3888855555555563,0.1208366666666655,0.7629362397820184,2023-01-13 14:00:00,2023-01-13 15:00:00,0.2370637602179816,0.2370637602179816,False,219.0,219.0,14,4
2023-01-13,15,16,0.9999999999999992,0.6583491666666678,0.3416508333333314,0.6583491666666683,2023-01-13 15:00:00,2023-01-13 16:00:00,0.3416508333333317,0.3416508333333317,False,446.0,446.0,15,4
2023-01-13,16,17,0.7486111111111106,0.2895922222222244,0.4590188888888861,0.3868393320964782,2023-01-13 16:00:00,2023-01-13 17:00:00,0.6131606679035217,0.6131606679035217,False,178.0,178.0,16,4
2023-01-16,12,13,0.9999999999999992,0.5807483333333353,0.4192516666666638,0.5807483333333359,2023-01-16 12:00:00,2023-01-16 13:00:00,0.41925166666666414,0.41925166666666414,False,574.0,574.0,12,0
2023-01-16,13,14,0.9999999999999992,0.0,0.9999999999999992,0.0,2023-01-16 13:00:00,2023-01-16 14:00:00,1.0,1.0,True,0.0,0.0,13,0
2023-01-16,14,15,0.9999999999999992,0.1649958333333363,0.8350041666666629,0.1649958333333364,2023-01-16 14:00:00,2023-01-16 15:00:00,0.8350041666666635,0.8350041666666637,False,71.0,71.0,14,0
2023-01-16,15,16,0.9999999999999992,0.704158888888886,0.2958411111111132,0.7041588888888866,2023-01-16 15:00:00,2023-01-16 16:00:00,0.29584111111111344,0.29584111111111344,False,562.0,562.0,15,0
2023-01-16,16,17,0.9999999999999992,0.6541447222222277,0.3458552777777714,0.6541447222222283,2023-01-16 16:00:00,2023-01-16 17:00:00,0.3458552777777717,0.3458552777777717,False,505.99999999999994,506.0,16,0
2023-01-16,17,18,0.9999999999999992,0.2749683333333334,0.7250316666666657,0.2749683333333337,2023-01-16 17:00:00,2023-01-16 18:00:00,0.7250316666666663,0.7250316666666663,False,191.0,191.0,17,0
2023-01-19,15,16,0.8088888888888882,0.7755638888888877,0.0333250000000004,0.9588015109890105,2023-01-19 15:00:00,2023-01-19 16:00:00,0.04119848901098954,0.04119848901098955,False,599.0,599.0,15,3
2023-01-19,16,17,0.9999999999999992,0.5207838888888872,0.479216111111112,0.5207838888888876,2023-01-19 16:00:00,2023-01-19 17:00:00,0.4792161111111124,0.4792161111111124,False,398.0,398.0,16,3
2023-01-19,17,18,0.2955555555555553,0.1913788888888897,0.1041766666666656,0.6475225563909808,2023-01-19 17:00:00,2023-01-19 18:00:00,0.3524774436090193,0.3524774436090192,False,126.00000000000001,126.0,17,3
2023-01-20,16,17,0.9999999999999992,0.4399838888888878,0.5600161111111114,0.4399838888888882,2023-01-20 16:00:00,2023-01-20 17:00:00,0.5600161111111118,0.5600161111111118,False,370.0,370.0,16,4
2023-01-20,17,18,0.9999999999999992,0.3722197222222206,0.6277802777777786,0.3722197222222209,2023-01-20 17:00:00,2023-01-20 18:00:00,0.627780277777779,0.6277802777777791,False,316.0,316.0,17,4
2023-01-20,18,19,0.9152777777777772,0.8402811111111134,0.0749966666666636,0.9180613050075904,2023-01-20 18:00:00,2023-01-20 19:00:00,0.08193869499240945,0.08193869499240958,False,625.0,625.0,18,4
2023-01-24,15,16,0.5338888888888885,0.2797122222222182,0.2541766666666702,0.5239146722164341,2023-01-24 15:00:00,2023-01-24 16:00:00,0.47608532778356577,0.47608532778356594,False,447.0,447.0,15,1
2023-01-24,16,17,0.4286111111111108,0.3370036111111105,0.0916075000000002,0.7862689565780939,2023-01-24 16:00:00,2023-01-24 17:00:00,0.21373104342190602,0.21373104342190608,False,211.0,211.0,16,1
2023-01-27,11,12,0.9119444444444436,0.6869363888888887,0.2250080555555549,0.7532656107219011,2023-01-27 11:00:00,2023-01-27 12:00:00,0.24673438927809882,0.24673438927809888,False,435.0,435.0,11,4
2023-01-27,12,13,0.9999999999999992,0.2173936111111094,0.7826063888888898,0.2173936111111096,2023-01-27 12:00:00,2023-01-27 13:00:00,0.7826063888888903,0.7826063888888903,False,173.0,173.0,12,4
2023-01-27,13,14,0.9999999999999992,0.0,0.9999999999999992,0.0,2023-01-27 13:00:00,2023-01-27 14:00:00,1.0,1.0,True,0.0,0.0,13,4
2023-01-27,14,15,0.9999999999999992,0.5563988888888907,0.4436011111111085,0.5563988888888911,2023-01-27 14:00:00,2023-01-27 15:00:00,0.44360111111110884,0.4436011111111089,False,377.0,377.0,14,4
2023-01-27,15,16,0.9999999999999992,0.5874877777777779,0.4125122222222211,0.5874877777777785,2023-01-27 15:00:00,2023-01-27 16:00:00,0.41251222222222145,0.4125122222222215,False,430.0,430.0,15,4
2023-01-27,16,17,0.4105555555555553,0.4105555555555553,0.0,1.0,2023-01-27 16:00:00,2023-01-27 17:00:00,0.0,0.0,False,277.0,277.0,16,4
2023-01-31,13,14,0.4041666666666663,0.2666561111111166,0.1375105555555497,0.6597676975945159,2023-01-31 13:00:00,2023-01-31 14:00:00,0.34023230240548413,0.3402323024054841,False,109.0,109.0,13,1
2023-01-31,14,15,0.9999999999999992,0.7334077777777745,0.2665922222222245,0.7334077777777752,2023-01-31 14:00:00,2023-01-31 15:00:00,0.26659222222222473,0.2665922222222248,False,301.0,301.0,14,1
2023-01-31,15,16,0.9999999999999992,0.4749622222222247,0.5250377777777744,0.4749622222222251,2023-01-31 15:00:00,2023-01-31 16:00:00,0.5250377777777748,0.5250377777777748,False,197.0,197.0,15,1
2023-01-31,16,17,0.7919444444444438,0.5085838888888913,0.2833605555555525,0.6421964223079657,2023-01-31 16:00:00,2023-01-31 17:00:00,0.3578035776920343,0.3578035776920343,False,248.0,248.0,16,1
2023-02-07,13,14,0.3331136111111125,0.0830569444444452,0.2500566666666672,0.2493351867772854,2023-02-07 13:00:00,2023-02-07 14:00:00,0.7506648132227145,0.7506648132227146,False,37.0,37.0,13,1
2023-02-07,14,15,0.9999999999999992,0.4582761111111089,0.5417238888888902,0.4582761111111093,2023-02-07 14:00:00,2023-02-07 15:00:00,0.5417238888888907,0.5417238888888907,False,266.0,266.0,14,1
2023-02-07,15,16,0.9999999999999992,0.8291444444444462,0.1708555555555529,0.8291444444444469,2023-02-07 15:00:00,2023-02-07 16:00:00,0.17085555555555304,0.1708555555555531,False,250.0,250.0,15,1
2023-02-07,16,17,0.3252777777777775,0.1294347222222237,0.1958430555555537,0.3979205807002611,2023-02-07 16:00:00,2023-02-07 17:00:00,0.6020794192997386,0.602079419299739,False,58.0,58.0,16,1
2023-02-10,10,11,0.337222222222222,0.1830466666666663,0.1541755555555556,0.5428072487644147,2023-02-10 10:00:00,2023-02-10 11:00:00,0.4571927512355853,0.45719275123558534,False,114.99999999999999,115.0,10,4
2023-02-10,11,12,0.9999999999999992,0.4586741666666634,0.5413258333333357,0.4586741666666638,2023-02-10 11:00:00,2023-02-10 12:00:00,0.5413258333333362,0.5413258333333362,False,314.0,314.0,11,4
2023-02-10,12,13,0.9999999999999992,0.0,0.9999999999999992,0.0,2023-02-10 12:00:00,2023-02-10 13:00:00,1.0,1.0,True,0.0,0.0,12,4
2023-02-10,13,14,0.9999999999999992,0.2704402777777745,0.7295597222222246,0.2704402777777748,2023-02-10 13:00:00,2023-02-10 14:00:00,0.7295597222222252,0.7295597222222252,False,188.0,188.0,13,4
2023-02-10,14,15,0.9999999999999992,0.5958086111111095,0.4041913888888896,0.59580861111111,2023-02-10 14:00:00,2023-02-10 15:00:00,0.40419138888888995,0.40419138888888995,False,430.0,430.0,14,4
2023-02-10,15,16,0.9999999999999992,0.9250255555555552,0.0749744444444439,0.925025555555556,2023-02-10 15:00:00,2023-02-10 16:00:00,0.07497444444444396,0.07497444444444401,False,242.0,242.0,15,4
